# Navorika STEP to OBJ prototype
# Source: ../Pump Manifold v3.step

v 57.150000 -0.000000 78.841600
v 56.954804 4.719410 78.841600
v 56.370548 9.406581 78.841600
v 55.401225 14.029496 78.841600
v 54.053455 18.556575 78.841600
v 52.336446 22.956894 78.841600
v 50.261925 27.200394 78.841600
v 47.844064 31.258087 78.841600
v 45.099380 35.102257 78.841600
v 42.046621 38.706642 78.841600
v 38.706642 42.046621 78.841600
v 35.102257 45.099380 78.841600
v 31.258087 47.844064 78.841600
v 27.200394 50.261925 78.841600
v 22.956894 52.336446 78.841600
v 18.556575 54.053455 78.841600
v 14.029496 55.401225 78.841600
v 9.406581 56.370548 78.841600
v 4.719410 56.954804 78.841600
v 0.000000 57.150000 78.841600
v -4.719410 56.954804 78.841600
v -9.406581 56.370548 78.841600
v -14.029496 55.401225 78.841600
v -18.556575 54.053455 78.841600
v -22.956894 52.336446 78.841600
v -27.200394 50.261925 78.841600
v -31.258087 47.844064 78.841600
v -35.102257 45.099380 78.841600
v -38.706642 42.046621 78.841600
v -42.046621 38.706642 78.841600
v -45.099380 35.102257 78.841600
v -47.844064 31.258087 78.841600
v -50.261925 27.200394 78.841600
v -52.336446 22.956894 78.841600
v -54.053455 18.556575 78.841600
v -55.401225 14.029496 78.841600
v -56.370548 9.406581 78.841600
v -56.954804 4.719410 78.841600
v -57.150000 -0.000000 78.841600
v -57.150000 -0.000000 88.366600
v 57.150000 -0.000000 88.366600
v 56.954804 4.719410 88.366600
v 56.370548 9.406581 88.366600
v 55.401225 14.029496 88.366600
v 54.053455 18.556575 88.366600
v 52.336446 22.956894 88.366600
v 50.261925 27.200394 88.366600
v 47.844064 31.258087 88.366600
v 45.099380 35.102257 88.366600
v 42.046621 38.706642 88.366600
v 38.706642 42.046621 88.366600
v 35.102257 45.099380 88.366600
v 31.258087 47.844064 88.366600
v 27.200394 50.261925 88.366600
v 22.956894 52.336446 88.366600
v 18.556575 54.053455 88.366600
v 14.029496 55.401225 88.366600
v 9.406581 56.370548 88.366600
v 4.719410 56.954804 88.366600
v 0.000000 57.150000 88.366600
v -4.719410 56.954804 88.366600
v -9.406581 56.370548 88.366600
v -14.029496 55.401225 88.366600
v -18.556575 54.053455 88.366600
v -22.956894 52.336446 88.366600
v -27.200394 50.261925 88.366600
v -31.258087 47.844064 88.366600
v -35.102257 45.099380 88.366600
v -38.706642 42.046621 88.366600
v -42.046621 38.706642 88.366600
v -45.099380 35.102257 88.366600
v -47.844064 31.258087 88.366600
v -50.261925 27.200394 88.366600
v -52.336446 22.956894 88.366600
v -54.053455 18.556575 88.366600
v -55.401225 14.029496 88.366600
v -56.370548 9.406581 88.366600
v -56.954804 4.719410 88.366600
f 42 1 2
f 42 41 1
f 43 2 3
f 43 42 2
f 44 3 4
f 44 43 3
f 45 4 5
f 45 5 6
f 45 44 4
f 46 45 6
f 47 46 6
f 47 6 7
f 48 7 8
f 48 47 7
f 49 48 8
f 49 8 9
f 50 9 10
f 50 49 9
f 51 10 11
f 51 50 10
f 52 11 12
f 52 12 13
f 52 51 11
f 53 13 14
f 53 52 13
f 54 53 14
f 55 14 15
f 55 54 14
f 56 15 16
f 56 16 17
f 56 55 15
f 57 17 18
f 57 56 17
f 58 18 19
f 58 57 18
f 59 58 19
f 60 19 20
f 60 20 21
f 60 59 19
f 61 60 21
f 62 21 22
f 62 61 21
f 63 22 23
f 63 62 22
f 64 23 24
f 64 24 25
f 64 63 23
f 65 64 25
f 66 25 26
f 66 26 27
f 66 65 25
f 67 66 27
f 68 27 28
f 68 28 29
f 68 67 27
f 69 68 29
f 70 29 30
f 70 30 31
f 70 69 29
f 71 31 32
f 71 70 31
f 72 71 32
f 73 72 32
f 73 32 33
f 74 73 33
f 74 33 34
f 75 74 34
f 75 34 35
f 76 75 35
f 76 35 36
f 77 76 36
f 77 36 37
f 77 37 38
f 78 77 38
f 78 38 39
f 40 78 39
v -35.745199 -17.259300 78.841600
v -35.745199 -17.259300 88.366600
v -34.936742 -17.357464 88.366600
v -34.175271 -17.646252 88.366600
v -33.505038 -18.108881 88.366600
v -32.964994 -18.718464 88.366600
v -32.586527 -19.439574 88.366600
v -32.391629 -20.230303 88.366600
v -32.391629 -21.044697 88.366600
v -32.586527 -21.835426 88.366600
v -32.964994 -22.556536 88.366600
v -33.505038 -23.166119 88.366600
v -34.175271 -23.628748 88.366600
v -34.936742 -23.917536 88.366600
v -35.745199 -24.015700 88.366600
v -35.745199 -24.015700 78.841600
v -34.936742 -23.917536 78.841600
v -34.175271 -23.628748 78.841600
v -33.505038 -23.166119 78.841600
v -32.964994 -22.556536 78.841600
v -32.586527 -21.835426 78.841600
v -32.391629 -21.044697 78.841600
v -32.391629 -20.230303 78.841600
v -32.586527 -19.439574 78.841600
v -32.964994 -18.718464 78.841600
v -33.505038 -18.108881 78.841600
v -34.175271 -17.646252 78.841600
v -34.936742 -17.357464 78.841600
f 93 95 94
f 92 96 95
f 92 95 93
f 91 97 96
f 91 96 92
f 90 98 97
f 90 97 91
f 89 99 98
f 89 98 90
f 88 100 99
f 88 99 89
f 87 101 100
f 87 100 88
f 86 102 101
f 86 101 87
f 85 103 102
f 85 102 86
f 84 104 103
f 84 103 85
f 83 104 84
f 82 105 104
f 82 106 105
f 82 104 83
f 81 79 106
f 81 106 82
f 80 79 81
v 0.000000 44.653200 78.841600
v 0.000000 44.653200 88.366600
v 0.808456 44.555036 88.366600
v 1.569928 44.266248 88.366600
v 2.240161 43.803619 88.366600
v 2.780204 43.194036 88.366600
v 3.158672 42.472926 88.366600
v 3.353569 41.682197 88.366600
v 3.353569 40.867803 88.366600
v 3.158672 40.077074 88.366600
v 2.780204 39.355964 88.366600
v 2.240161 38.746381 88.366600
v 1.569928 38.283752 88.366600
v 0.808456 37.994964 88.366600
v -0.000000 37.896800 88.366600
v -0.000000 37.896800 78.841600
v 0.808456 37.994964 78.841600
v 1.569928 38.283752 78.841600
v 2.240161 38.746381 78.841600
v 2.780204 39.355964 78.841600
v 3.158672 40.077074 78.841600
v 3.353569 40.867803 78.841600
v 3.353569 41.682197 78.841600
v 3.158672 42.472926 78.841600
v 2.780204 43.194036 78.841600
v 2.240161 43.803619 78.841600
v 1.569928 44.266248 78.841600
v 0.808456 44.555036 78.841600
f 121 123 122
f 120 124 123
f 120 123 121
f 119 125 124
f 119 124 120
f 118 126 125
f 118 125 119
f 117 127 126
f 117 126 118
f 116 127 117
f 115 128 127
f 115 129 128
f 115 127 116
f 114 130 129
f 114 129 115
f 113 131 130
f 113 130 114
f 112 132 131
f 112 131 113
f 111 132 112
f 110 133 132
f 110 132 111
f 109 134 133
f 109 133 110
f 108 107 134
f 108 134 109
v 35.745199 -17.259300 78.841600
v 35.745199 -17.259300 88.366600
v 36.553655 -17.357464 88.366600
v 37.315126 -17.646252 88.366600
v 37.985360 -18.108881 88.366600
v 38.525403 -18.718464 88.366600
v 38.903870 -19.439574 88.366600
v 39.098768 -20.230303 88.366600
v 39.098768 -21.044697 88.366600
v 38.903870 -21.835426 88.366600
v 38.525403 -22.556536 88.366600
v 37.985360 -23.166119 88.366600
v 37.315126 -23.628748 88.366600
v 36.553655 -23.917536 88.366600
v 35.745199 -24.015700 88.366600
v 35.745199 -24.015700 78.841600
v 36.553655 -23.917536 78.841600
v 37.315126 -23.628748 78.841600
v 37.985360 -23.166119 78.841600
v 38.525403 -22.556536 78.841600
v 38.903870 -21.835426 78.841600
v 39.098768 -21.044697 78.841600
v 39.098768 -20.230303 78.841600
v 38.903870 -19.439574 78.841600
v 38.525403 -18.718464 78.841600
v 37.985360 -18.108881 78.841600
v 37.315126 -17.646252 78.841600
v 36.553655 -17.357464 78.841600
f 149 151 150
f 148 152 151
f 148 151 149
f 147 153 152
f 147 152 148
f 146 154 153
f 146 153 147
f 145 155 154
f 145 154 146
f 144 156 155
f 144 155 145
f 143 157 156
f 143 156 144
f 142 158 157
f 142 157 143
f 141 159 158
f 141 158 142
f 140 160 159
f 140 159 141
f 139 160 140
f 138 161 160
f 138 162 161
f 138 160 139
f 137 135 162
f 137 162 138
f 136 135 137
v -0.000000 -37.896800 78.841600
v -0.000000 -37.896800 88.366600
v 0.808456 -37.994964 88.366600
v 1.569928 -38.283752 88.366600
v 2.240161 -38.746381 88.366600
v 2.780204 -39.355964 88.366600
v 3.158672 -40.077074 88.366600
v 3.353569 -40.867803 88.366600
v 3.353569 -41.682197 88.366600
v 3.158672 -42.472926 88.366600
v 2.780204 -43.194036 88.366600
v 2.240161 -43.803619 88.366600
v 1.569928 -44.266248 88.366600
v 0.808456 -44.555036 88.366600
v -0.000000 -44.653200 88.366600
v -0.000000 -44.653200 78.841600
v 0.808456 -44.555036 78.841600
v 1.569928 -44.266248 78.841600
v 2.240161 -43.803619 78.841600
v 2.780204 -43.194036 78.841600
v 3.158672 -42.472926 78.841600
v 3.353569 -41.682197 78.841600
v 3.353569 -40.867803 78.841600
v 3.158672 -40.077074 78.841600
v 2.780204 -39.355964 78.841600
v 2.240161 -38.746381 78.841600
v 1.569928 -38.283752 78.841600
v 0.808456 -37.994964 78.841600
f 177 179 178
f 176 180 179
f 176 179 177
f 175 181 180
f 175 180 176
f 174 182 181
f 174 181 175
f 173 183 182
f 173 182 174
f 172 183 173
f 171 184 183
f 171 185 184
f 171 183 172
f 170 186 185
f 170 185 171
f 169 187 186
f 169 186 170
f 168 188 187
f 168 187 169
f 167 188 168
f 166 189 188
f 166 188 167
f 165 190 189
f 165 189 166
f 164 163 190
f 164 190 165
v 35.745199 24.015700 78.841600
v 35.745199 24.015700 88.366600
v 36.553655 23.917536 88.366600
v 37.315126 23.628748 88.366600
v 37.985360 23.166119 88.366600
v 38.525403 22.556536 88.366600
v 38.903870 21.835426 88.366600
v 39.098768 21.044697 88.366600
v 39.098768 20.230303 88.366600
v 38.903870 19.439574 88.366600
v 38.525403 18.718464 88.366600
v 37.985360 18.108881 88.366600
v 37.315126 17.646252 88.366600
v 36.553655 17.357464 88.366600
v 35.745199 17.259300 88.366600
v 35.745199 17.259300 78.841600
v 36.553655 17.357464 78.841600
v 37.315126 17.646252 78.841600
v 37.985360 18.108881 78.841600
v 38.525403 18.718464 78.841600
v 38.903870 19.439574 78.841600
v 39.098768 20.230303 78.841600
v 39.098768 21.044697 78.841600
v 38.903870 21.835426 78.841600
v 38.525403 22.556536 78.841600
v 37.985360 23.166119 78.841600
v 37.315126 23.628748 78.841600
v 36.553655 23.917536 78.841600
f 205 207 206
f 204 208 207
f 204 207 205
f 203 209 208
f 203 208 204
f 202 210 209
f 202 209 203
f 201 211 210
f 201 210 202
f 200 212 211
f 200 211 201
f 199 213 212
f 199 212 200
f 198 214 213
f 198 213 199
f 197 215 214
f 197 214 198
f 196 216 215
f 196 215 197
f 195 216 196
f 194 217 216
f 194 218 217
f 194 216 195
f 193 191 218
f 193 218 194
f 192 191 193
v -35.745199 24.015700 78.841600
v -35.745199 24.015700 88.366600
v -34.936742 23.917536 88.366600
v -34.175271 23.628748 88.366600
v -33.505038 23.166119 88.366600
v -32.964994 22.556536 88.366600
v -32.586527 21.835426 88.366600
v -32.391629 21.044697 88.366600
v -32.391629 20.230303 88.366600
v -32.586527 19.439574 88.366600
v -32.964994 18.718464 88.366600
v -33.505038 18.108881 88.366600
v -34.175271 17.646252 88.366600
v -34.936742 17.357464 88.366600
v -35.745199 17.259300 88.366600
v -35.745199 17.259300 78.841600
v -34.936742 17.357464 78.841600
v -34.175271 17.646252 78.841600
v -33.505038 18.108881 78.841600
v -32.964994 18.718464 78.841600
v -32.586527 19.439574 78.841600
v -32.391629 20.230303 78.841600
v -32.391629 21.044697 78.841600
v -32.586527 21.835426 78.841600
v -32.964994 22.556536 78.841600
v -33.505038 23.166119 78.841600
v -34.175271 23.628748 78.841600
v -34.936742 23.917536 78.841600
f 233 235 234
f 232 236 235
f 232 235 233
f 231 237 236
f 231 236 232
f 230 238 237
f 230 237 231
f 229 239 238
f 229 238 230
f 228 240 239
f 228 239 229
f 227 241 240
f 227 240 228
f 226 242 241
f 226 241 227
f 225 243 242
f 225 242 226
f 224 244 243
f 224 243 225
f 223 244 224
f 222 245 244
f 222 246 245
f 222 244 223
f 221 219 246
f 221 246 222
f 220 219 221
v -31.750000 -0.000000 88.366600
v -31.550363 3.554872 88.366600
v -30.953961 7.065040 88.366600
v -29.968296 10.486360 88.366600
v -28.605762 13.775809 88.366600
v -26.883493 16.892018 88.366600
v -24.823150 19.795801 88.366600
v -22.450640 22.450640 88.366600
v -19.795801 24.823150 88.366600
v -16.892018 26.883493 88.366600
v -13.775809 28.605762 88.366600
v -10.486360 29.968296 88.366600
v -7.065040 30.953961 88.366600
v -3.554872 31.550363 88.366600
v -0.000000 31.750000 88.366600
v 3.554872 31.550363 88.366600
v 7.065040 30.953961 88.366600
v 10.486360 29.968296 88.366600
v 13.775809 28.605762 88.366600
v 16.892018 26.883493 88.366600
v 19.795801 24.823150 88.366600
v 22.450640 22.450640 88.366600
v 24.823150 19.795801 88.366600
v 26.883493 16.892018 88.366600
v 28.605762 13.775809 88.366600
v 29.968296 10.486360 88.366600
v 30.953961 7.065040 88.366600
v 31.550363 3.554872 88.366600
v 31.750000 -0.000000 88.366600
v -31.750000 -0.000000 123.189307
v -15.875000 27.496307 123.189307
v -18.363894 25.900384 122.050243
v -20.740099 24.039775 121.104116
v -22.831920 22.062773 120.413480
v -24.717452 19.927620 119.939101
v -26.391401 17.650963 119.677845
v -27.849011 15.247789 119.626877
v -29.208708 12.446441 119.814116
v -30.287485 9.525268 120.255765
v -31.076937 6.502804 120.950159
v -31.567524 3.399103 121.895816
v -31.704933 1.691077 122.512566
v 15.875000 27.496307 123.189307
v 13.248444 28.853791 122.050243
v 10.449007 29.981340 121.104116
v 7.690962 30.804409 120.413480
v 4.899099 31.369752 119.939101
v 2.090482 31.681105 119.677845
v -0.719533 31.741846 119.626877
v -3.825420 31.518703 119.814116
v -6.894619 30.992366 120.255765
v -9.906875 30.164819 120.950159
v -12.840053 29.037829 121.895816
v -14.387951 28.302816 122.512566
v 31.750000 -0.000000 123.189307
v 31.612338 2.953406 122.050243
v 31.189106 5.941565 121.104116
v 30.522882 8.741636 120.413480
v 29.616552 11.442132 119.939101
v 28.481882 14.030142 119.677845
v 27.129478 16.494057 119.626877
v 25.383288 19.072263 119.814116
v 23.392867 21.467098 120.255765
v 21.170063 23.662015 120.950159
v 18.727471 25.638727 121.895816
v 17.316982 26.611739 122.512566
f 302 275 274
f 302 301 275
f 303 274 273
f 303 302 274
f 304 273 272
f 304 303 273
f 305 272 271
f 305 304 272
f 306 305 271
f 307 271 270
f 307 306 271
f 308 270 269
f 308 307 270
f 309 269 268
f 309 308 269
f 310 309 268
f 310 268 267
f 311 310 267
f 311 267 266
f 312 311 266
f 289 312 266
f 289 266 265
f 290 289 265
f 290 265 264
f 291 290 264
f 292 264 263
f 292 291 264
f 293 263 262
f 293 292 263
f 294 262 261
f 294 293 262
f 295 261 260
f 295 294 261
f 296 260 259
f 296 295 260
f 297 296 259
f 298 259 258
f 298 297 259
f 299 258 257
f 299 298 258
f 300 299 257
f 277 257 256
f 277 300 257
f 278 256 255
f 278 277 256
f 279 255 254
f 279 278 255
f 280 254 253
f 280 279 254
f 281 280 253
f 282 253 252
f 282 281 253
f 283 252 251
f 283 282 252
f 284 251 250
f 284 283 251
f 285 250 249
f 285 284 250
f 286 249 248
f 286 285 249
f 287 286 248
f 288 248 247
f 288 287 248
f 276 288 247
v 23.120426 -0.000000 129.460260
v 11.560213 20.022876 129.460260
v 22.885721 -0.000000 129.675961
v 22.726612 -0.000000 129.910317
v 22.643699 -0.000000 130.113805
v 22.602165 -0.000000 130.322448
v 11.301083 19.574049 130.322448
v 11.442861 19.819616 129.675961
v 11.363306 19.681823 129.910317
v 11.321850 19.610019 130.113805
f 317 319 318
f 317 322 319
f 316 321 322
f 316 322 317
f 315 320 321
f 315 321 316
f 313 314 320
f 313 320 315
v -23.120426 -0.000000 129.460260
v -11.560213 -20.022876 129.460260
v -22.885721 -0.000000 129.675961
v -22.726612 -0.000000 129.910317
v -22.643699 -0.000000 130.113805
v -22.602165 -0.000000 130.322448
v -11.301083 -19.574049 130.322448
v -11.330496 -19.624995 130.060891
v -11.392242 -19.731942 129.811169
v -11.467880 -19.862952 129.620851
f 327 329 328
f 327 330 329
f 326 331 330
f 326 330 327
f 325 332 331
f 325 331 326
f 323 324 332
f 323 332 325
v 11.560213 -20.022876 129.460260
v 23.120426 -0.000000 129.460260
v 11.442861 -19.819616 129.675961
v 11.363306 -19.681823 129.910317
v 11.321850 -19.610019 130.113805
v 11.301083 -19.574049 130.322448
v 22.602165 -0.000000 130.322448
v 22.885721 -0.000000 129.675961
v 22.726612 -0.000000 129.910317
v 22.643699 -0.000000 130.113805
f 337 339 338
f 337 341 342
f 337 342 339
f 336 341 337
f 335 340 341
f 335 341 336
f 333 334 340
f 333 340 335
v -11.560213 -20.022876 129.460260
v 11.560213 -20.022876 129.460260
v -11.301083 -19.574049 130.322448
v -11.330496 -19.624995 130.060891
v -11.392242 -19.731942 129.811169
v -11.467880 -19.862952 129.620851
v 11.301083 -19.574049 130.322448
v 11.442861 -19.819616 129.675961
v 11.363306 -19.681823 129.910317
v 11.321850 -19.610019 130.113805
f 345 352 349
f 346 351 352
f 346 352 345
f 347 350 351
f 347 351 346
f 348 344 350
f 348 350 347
f 343 344 348
v -11.560213 20.022876 129.460260
v -23.120426 -0.000000 129.460260
v -11.442861 19.819616 129.675961
v -11.363306 19.681823 129.910317
v -11.321850 19.610019 130.113805
v -11.301083 19.574049 130.322448
v -22.602165 -0.000000 130.322448
v -22.885721 -0.000000 129.675961
v -22.726612 -0.000000 129.910317
v -22.643699 -0.000000 130.113805
f 357 359 358
f 357 362 359
f 356 361 362
f 356 362 357
f 355 360 361
f 355 361 356
f 353 354 360
f 353 360 355
v 11.560213 20.022876 129.460260
v -11.560213 20.022876 129.460260
v 11.442861 19.819616 129.675961
v 11.363306 19.681823 129.910317
v 11.321850 19.610019 130.113805
v 11.301083 19.574049 130.322448
v -11.301083 19.574049 130.322448
v -11.442861 19.819616 129.675961
v -11.363306 19.681823 129.910317
v -11.321850 19.610019 130.113805
f 368 372 369
f 367 371 372
f 367 372 368
f 366 370 371
f 366 371 367
f 365 364 370
f 365 370 366
f 363 364 365
v 22.190111 -17.944110 145.119878
v 21.667181 -17.894527 144.548182
v 21.364714 -17.805435 144.178916
v 21.084847 -17.672603 143.805007
v 26.635111 -10.245144 145.119878
v 26.929676 -11.033872 145.893880
v 27.024208 -11.967412 146.547720
v 26.913254 -12.991931 147.043693
v 26.603213 -14.048350 147.353199
v 26.111964 -15.075749 147.458390
v 25.467835 -16.014883 147.353199
v 24.707970 -16.811596 147.043693
v 23.876187 -17.419944 146.547720
v 23.020452 -17.804848 145.893880
v 26.332116 -9.816761 144.546747
v 26.105035 -9.600805 144.178822
v 25.847340 -9.423708 143.804998
v 15.279863 -3.322572 154.043919
v 10.517363 -11.571464 154.043919
v 11.221018 -11.817921 154.917012
v 12.022168 -11.810356 155.739363
v 12.874255 -11.549211 156.463181
v 13.727757 -11.049661 157.046401
v 14.533072 -10.340738 157.455127
v 15.243398 -9.463643 157.665606
v 15.817454 -8.469349 157.665606
v 16.221878 -7.415640 157.455127
v 16.433165 -6.363756 157.046401
v 16.439037 -5.374826 156.463181
v 16.239153 -4.506325 155.739363
v 15.845128 -3.808726 154.917012
f 388 390 389
f 388 403 390
f 387 403 388
f 377 402 403
f 377 403 387
f 378 401 402
f 378 402 377
f 379 400 401
f 379 401 378
f 380 399 400
f 380 400 379
f 381 398 399
f 381 399 380
f 382 397 398
f 382 398 381
f 383 396 397
f 383 397 382
f 384 395 396
f 384 396 383
f 385 394 395
f 385 395 384
f 386 393 394
f 386 394 385
f 373 392 393
f 373 393 386
f 374 392 373
f 375 391 392
f 375 392 374
f 376 391 375
v 13.589047 0.514240 156.450935
v 16.073613 1.947756 154.043919
v 9.723613 12.946279 154.043919
v 10.661820 13.274888 155.208042
v 11.730020 13.264802 156.304511
v 12.866135 12.916608 157.269602
v 14.004138 12.250541 158.047228
v 15.077891 11.305311 158.592196
v 16.024993 10.135851 158.872835
v 16.790401 8.810126 158.872835
v 17.329632 7.405181 158.592196
v 17.611349 6.002668 158.047228
v 17.619179 4.684096 157.269602
v 17.352666 3.526094 156.304511
v 16.827300 2.595963 155.208042
v 7.238798 11.511670 156.451479
v 10.898716 11.703859 159.304642
v 9.758676 11.956179 158.632996
v 8.989318 11.984097 158.098514
v 8.050357 11.844209 157.311432
v 12.144576 11.172443 159.854358
v 13.327216 10.383270 160.212466
v 14.346542 9.344331 160.397845
v 15.108215 8.113302 160.419404
v 15.579375 6.741667 160.280246
v 15.750222 5.322937 159.972395
v 15.714539 4.421959 159.675344
v 15.585197 3.586635 159.304642
v 14.435068 1.210455 157.507657
v 15.003386 2.009969 158.282192
v 15.285433 2.596354 158.718280
f 406 423 419
f 407 422 423
f 407 423 406
f 408 421 422
f 408 422 407
f 409 420 421
f 409 424 420
f 409 421 408
f 410 425 424
f 410 424 409
f 411 426 425
f 411 425 410
f 412 427 426
f 412 426 411
f 413 428 427
f 413 427 412
f 414 429 428
f 414 428 413
f 415 430 429
f 415 429 414
f 416 431 430
f 416 434 431
f 416 430 415
f 417 433 434
f 417 434 416
f 418 432 433
f 418 433 417
f 405 404 432
f 405 432 418
v 6.349179 12.025574 156.450929
v 6.350000 14.894036 154.043919
v -6.350000 14.894036 154.043919
v -6.165481 15.870851 155.208042
v -5.622646 16.790897 156.304511
v -4.753043 17.600704 157.269602
v -3.607211 18.253210 158.047228
v -2.251741 18.710493 158.592196
v -0.765408 18.945977 158.872835
v 0.765408 18.945977 158.872835
v 2.251741 18.710493 158.592196
v 3.607211 18.253210 158.047228
v 4.753043 17.600704 157.269602
v 5.622646 16.790897 156.304511
v 6.165481 15.870851 155.208042
v -6.350000 12.024818 156.451479
v -4.686482 15.290494 159.304642
v -5.475017 14.429351 158.632996
v -5.883873 13.777026 158.098514
v -6.232208 12.893918 157.311432
v -3.603414 16.103683 159.854328
v -2.328466 16.733294 160.212542
v -1.180569 17.052987 160.377193
v -0.000000 17.162416 160.429859
v 1.360693 17.017843 160.358821
v 2.668475 16.595388 160.138201
v 3.766274 15.999705 159.790086
v 4.686482 15.290494 159.304642
v 6.169251 13.106358 157.507652
v 5.761010 13.998296 158.282191
v 5.394209 14.535748 158.718279
f 437 454 450
f 438 453 454
f 438 454 437
f 439 452 453
f 439 453 438
f 440 451 452
f 440 455 451
f 440 452 439
f 441 456 455
f 441 455 440
f 442 457 456
f 442 456 441
f 443 458 457
f 443 457 442
f 444 459 458
f 444 458 443
f 445 460 459
f 445 459 444
f 446 461 460
f 446 460 445
f 447 462 461
f 447 465 462
f 447 461 446
f 448 464 465
f 448 465 447
f 449 463 464
f 449 464 448
f 436 435 463
f 436 463 449
v 0.000000 -21.829830 162.026600
v 2.849365 -21.643072 162.026600
v 5.649976 -21.085996 162.026600
v 8.353914 -20.168133 162.026600
v 10.914915 -18.905187 162.026600
v 13.289158 -17.318768 162.026600
v 15.436021 -15.436021 162.026600
v 17.318768 -13.289158 162.026600
v 18.905187 -10.914915 162.026600
v 20.168133 -8.353914 162.026600
v 21.085996 -5.649976 162.026600
v 21.643072 -2.849365 162.026600
v 21.829830 -0.000000 162.026600
v 21.643072 2.849365 162.026600
v 21.085996 5.649976 162.026600
v 20.168133 8.353914 162.026600
v 18.905187 10.914915 162.026600
v 17.318768 13.289158 162.026600
v 15.436021 15.436021 162.026600
v 13.289158 17.318768 162.026600
v 10.914915 18.905187 162.026600
v 8.353914 20.168133 162.026600
v 5.649976 21.085996 162.026600
v 2.849365 21.643072 162.026600
v 0.000000 21.829830 162.026600
v 0.000000 20.168787 161.843356
v 0.000000 18.587634 161.302437
v -0.000000 17.162416 160.429859
v 1.360693 17.017843 160.358821
v 2.668475 16.595388 160.138201
v 3.766274 15.999705 159.790086
v 4.686482 15.290494 159.304642
v 6.930303 14.412954 159.304642
v 9.016833 13.208295 159.304642
v 10.898716 11.703859 159.304642
v 12.144576 11.172443 159.854358
v 13.327216 10.383270 160.212466
v 14.346542 9.344331 160.397845
v 15.108215 8.113302 160.419404
v 15.579375 6.741667 160.280246
v 15.750222 5.322937 159.972395
v 15.714539 4.421959 159.675344
v 15.585197 3.586635 159.304642
v 15.947135 1.204659 159.304642
v 15.947135 -1.204659 159.304642
v 15.585197 -3.586635 159.304642
v 15.747908 -4.931289 159.854358
v 15.655783 -6.350073 160.212466
v 15.265699 -7.752304 160.397845
v 14.580433 -9.027447 160.419404
v 13.628143 -10.121301 160.280246
v 12.484910 -10.978624 159.972395
v 11.686799 -11.398211 159.675344
v 10.898716 -11.703859 159.304642
v 9.016833 -13.208295 159.304642
v 6.930303 -14.412954 159.304642
v 4.686482 -15.290494 159.304642
v 3.604763 -16.102855 159.853824
v 2.333075 -16.731657 160.211549
v 1.183021 -17.053294 160.376447
v 0.000001 -17.162415 160.429859
v 0.000000 -20.168787 161.843356
v 0.000000 -18.587634 161.302437
v 1.395795 -20.120431 161.843356
v 2.632555 -19.996241 161.843356
v 1.286370 -18.543068 161.302437
v 2.426173 -18.428614 161.302437
v 4.405904 -19.681667 161.843356
v 1.187737 -17.121267 160.429859
v 5.220066 -19.481553 161.843356
v 5.910285 -19.283374 161.843356
v 2.240145 -17.015589 160.429859
v 4.060498 -18.138701 161.302437
v 4.810834 -17.954276 161.302437
v 5.446942 -17.771634 161.302437
v 7.718261 -18.633530 161.843356
v 3.749157 -16.747905 160.429859
v 4.441960 -16.577621 160.429859
v 8.740046 -18.176677 161.843356
v 5.029294 -16.408983 160.429859
v 7.113180 -17.172735 161.302437
v 10.084394 -17.466682 161.843356
v 4.783853 -15.608185 159.675337
v 8.054861 -16.751697 161.302437
v 6.567772 -15.856005 160.429859
v 11.371441 -16.657440 161.843356
v 9.293817 -16.097363 161.302437
v 7.437249 -15.467250 160.429859
v 12.277980 -16.000975 161.843356
v 7.074294 -14.712412 159.675337
v 10.479965 -15.351562 161.302437
v 8.581208 -14.863088 160.429859
v 11.315435 -14.746561 161.302437
v 13.744749 -14.760144 161.843356
v 9.676407 -14.174472 160.429859
v 14.261486 -14.261486 161.843356
v 10.447817 -13.615860 160.429859
v 9.204176 -13.482724 159.675337
v 12.667215 -13.603007 161.302437
v 15.145851 -13.318528 161.843356
v 13.143442 -13.143442 161.302437
v 16.000975 -12.277980 161.843356
v 11.695949 -12.559988 160.429859
v 13.958476 -12.274408 161.302437
v 12.135661 -12.135661 160.429859
v 11.125159 -11.947031 159.675337
v 14.746561 -11.315435 161.302437
v 17.148046 -10.617180 161.843356
v 11.543412 -11.543412 159.675337
v 12.888201 -11.333260 160.429859
v 17.466682 -10.084394 161.843356
v 13.615860 -10.447817 160.429859
v 17.982874 -9.132154 161.843356
v 15.803707 -9.784835 161.302437
v 16.097363 -9.293817 161.302437
v 18.633530 -7.718261 161.843356
v 16.573087 -8.416229 161.302437
v 14.591948 -9.034576 160.429859
v 14.863088 -8.581208 160.429859
v 17.172735 -7.113180 161.302437
v 19.247198 -6.027054 161.843356
v 15.302336 -7.770910 160.429859
v 19.481553 -5.220066 161.843356
v 19.655034 -4.523230 161.843356
v 15.856005 -6.567772 160.429859
v 17.738293 -5.554556 161.302437
v 17.954276 -4.810834 161.302437
v 18.114157 -4.168627 161.302437
v 19.996241 -2.632555 161.843356
v 16.378199 -5.128657 160.429859
v 16.577621 -4.441960 160.429859
v 20.111487 -1.519237 161.843356
v 16.725243 -3.848995 160.429859
v 18.428614 -2.426173 161.302437
v 20.168787 -0.000000 161.843356
v 15.909012 -3.661155 159.675337
v 18.534826 -1.400135 161.302437
v 17.015589 -2.240145 160.429859
v 20.111487 1.519237 161.843356
v 18.587634 -0.000000 161.302437
v 17.113656 -1.292779 160.429859
v 19.996241 2.632555 161.843356
v 16.278470 -1.229688 159.675337
v 18.534826 1.400135 161.302437
v 17.162416 -0.000000 160.429859
v 18.428614 2.426173 161.302437
v 19.655034 4.523230 161.843356
v 17.113656 1.292779 160.429859
v 19.481553 5.220066 161.843356
v 17.015589 2.240145 160.429859
v 16.278470 1.229688 159.675337
v 18.114157 4.168627 161.302437
v 19.107109 6.457428 161.843356
v 17.954276 4.810834 161.302437
v 18.633530 7.718261 161.843356
v 16.725243 3.848995 160.429859
v 17.609187 5.951191 161.302437
v 16.577621 4.441960 160.429859
v 15.909012 3.661155 159.675337
v 17.172735 7.113180 161.302437
v 17.768770 9.542054 161.843356
v 15.768593 4.225182 159.675337
v 16.258992 5.494880 160.429859
v 17.466682 10.084394 161.843356
v 15.856005 6.567772 160.429859
v 16.900114 11.007549 161.843356
v 16.375769 8.793994 161.302437
v 16.097363 9.293817 161.302437
v 16.000975 12.277980 161.843356
v 15.575212 10.144600 161.302437
v 15.120147 8.119709 160.429859
v 14.863088 8.581208 160.429859
v 14.746561 11.315435 161.302437
v 14.843180 13.655035 161.843356
v 14.380973 9.366757 160.429859
v 14.261486 14.261486 161.843356
v 13.744749 14.760144 161.843356
v 13.615860 10.447817 160.429859
v 13.679533 12.584534 161.302437
v 13.143442 13.143442 161.302437
v 12.667215 13.603007 161.302437
v 12.277980 16.000975 161.843356
v 12.630647 11.619607 160.429859
v 12.135661 12.135661 160.429859
v 11.371441 16.657440 161.843356
v 11.695949 12.559988 160.429859
v 11.315435 14.746561 161.302437
v 10.084394 17.466682 161.843356
v 11.125159 11.947031 159.675337
v 10.479965 15.351562 161.302437
v 10.447817 13.615860 160.429859
v 8.740046 18.176677 161.843356
v 9.293817 16.097363 161.302437
v 9.676407 14.174472 160.429859
v 7.718261 18.633530 161.843356
v 9.204176 13.482724 159.675337
v 8.054861 16.751697 161.302437
v 8.581208 14.863088 160.429859
v 7.113180 17.172735 161.302437
v 5.910285 19.283374 161.843356
v 7.437249 15.467250 160.429859
v 5.220066 19.481553 161.843356
v 4.621402 19.632184 161.843356
v 6.567772 15.856005 160.429859
v 7.074294 14.712412 159.675337
v 5.446942 17.771634 161.302437
v 4.810834 17.954276 161.302437
v 3.202241 19.912951 161.843356
v 4.259102 18.093098 161.302437
v 2.632555 19.996241 161.843356
v 5.029294 16.408983 160.429859
v 4.441960 16.577621 160.429859
v 1.607502 20.104624 161.843356
v 2.951198 18.351855 161.302437
v 4.783853 15.608185 159.675337
v 3.932533 16.705798 160.429859
v 2.426173 18.428614 161.302437
v 4.225182 15.768593 159.675337
v 1.481480 18.528501 161.302437
v 2.724913 16.944715 160.429859
v 2.240145 17.015589 160.429859
v 1.367887 17.107817 160.429859
f 529 466 467
f 529 527 466
f 530 529 467
f 531 528 527
f 531 527 529
f 532 529 530
f 532 531 529
f 533 530 467
f 533 467 468
f 533 532 530
f 534 528 531
f 534 525 526
f 534 526 528
f 535 533 468
f 536 468 469
f 536 535 468
f 537 534 531
f 537 525 534
f 537 524 525
f 537 531 532
f 538 532 533
f 539 533 535
f 539 538 533
f 539 535 536
f 540 539 536
f 541 536 469
f 542 523 524
f 542 524 537
f 542 537 532
f 542 532 538
f 543 523 542
f 543 542 538
f 543 538 539
f 544 469 470
f 544 541 469
f 545 539 540
f 545 543 539
f 546 540 536
f 546 536 541
f 547 544 470
f 548 523 543
f 548 522 523
f 548 543 545
f 549 541 544
f 549 546 541
f 550 540 546
f 550 522 548
f 550 521 522
f 550 545 540
f 550 548 545
f 551 470 471
f 551 547 470
f 552 549 544
f 552 544 547
f 553 550 546
f 553 546 549
f 554 551 471
f 555 521 550
f 555 550 553
f 556 547 551
f 556 552 547
f 557 521 555
f 557 555 553
f 557 520 521
f 557 549 552
f 557 553 549
f 558 556 551
f 558 551 554
f 559 554 471
f 559 471 472
f 559 558 554
f 560 557 552
f 560 552 556
f 561 559 472
f 562 556 558
f 562 560 556
f 562 519 520
f 563 520 557
f 563 560 562
f 563 557 560
f 563 562 520
f 564 559 561
f 564 558 559
f 565 472 473
f 565 561 472
f 566 564 561
f 567 565 473
f 568 562 558
f 568 558 564
f 569 561 565
f 569 566 561
f 570 564 566
f 570 566 569
f 570 517 518
f 570 568 564
f 571 519 562
f 571 562 568
f 572 569 565
f 572 565 567
f 573 473 474
f 573 567 473
f 574 519 571
f 574 570 518
f 574 568 570
f 574 571 568
f 574 518 519
f 575 570 569
f 575 517 570
f 576 573 474
f 577 575 569
f 577 569 572
f 577 516 517
f 577 572 516
f 577 517 575
f 578 576 474
f 578 474 475
f 579 572 567
f 579 516 572
f 579 567 573
f 579 573 576
f 580 579 576
f 581 578 475
f 582 576 578
f 582 580 576
f 583 515 516
f 583 516 579
f 584 514 515
f 584 580 582
f 584 515 583
f 584 579 580
f 584 583 579
f 585 578 581
f 585 582 578
f 586 475 476
f 586 581 475
f 586 585 581
f 587 514 584
f 587 584 582
f 588 586 476
f 589 476 477
f 589 588 476
f 590 513 514
f 590 514 587
f 590 582 585
f 590 587 582
f 591 585 586
f 592 588 589
f 592 591 586
f 592 586 588
f 593 592 589
f 594 589 477
f 595 591 592
f 595 590 585
f 595 585 591
f 595 513 590
f 595 512 513
f 596 595 592
f 596 592 593
f 596 512 595
f 597 594 477
f 597 477 478
f 598 596 593
f 599 589 594
f 599 593 589
f 600 597 478
f 601 512 596
f 601 596 598
f 601 511 512
f 602 594 597
f 602 599 594
f 603 593 599
f 603 601 598
f 603 511 601
f 603 599 602
f 603 510 511
f 603 598 593
f 604 478 479
f 604 600 478
f 605 602 597
f 605 597 600
f 606 602 605
f 606 603 602
f 607 604 479
f 608 510 603
f 608 603 606
f 609 605 600
f 609 600 604
f 610 606 605
f 610 509 510
f 610 510 608
f 610 608 606
f 611 604 607
f 611 609 604
f 612 479 480
f 612 607 479
f 613 610 605
f 613 605 609
f 614 612 480
f 615 508 509
f 615 609 611
f 615 613 609
f 616 509 610
f 616 615 509
f 616 610 613
f 616 613 615
f 617 607 612
f 617 611 607
f 618 480 481
f 618 614 480
f 619 617 612
f 619 612 614
f 619 614 618
f 620 618 481
f 621 615 611
f 621 611 617
f 621 617 619
f 622 619 618
f 623 506 507
f 623 621 619
f 624 508 615
f 624 615 621
f 625 622 618
f 625 618 620
f 626 481 482
f 626 620 481
f 627 621 623
f 627 508 624
f 627 507 508
f 627 624 621
f 627 623 507
f 628 623 619
f 628 506 623
f 628 619 622
f 629 626 482
f 630 622 625
f 630 628 622
f 630 625 505
f 630 506 628
f 630 505 506
f 631 482 483
f 631 629 482
f 632 505 625
f 632 625 620
f 632 620 626
f 633 632 626
f 633 626 629
f 633 629 631
f 634 631 483
f 635 633 631
f 636 505 632
f 636 504 505
f 637 632 633
f 637 636 632
f 637 503 504
f 637 504 636
f 638 635 631
f 638 631 634
f 639 483 484
f 639 634 483
f 640 633 635
f 640 637 633
f 640 503 637
f 640 635 638
f 641 639 484
f 642 484 485
f 642 641 484
f 643 502 503
f 643 640 638
f 643 503 640
f 644 638 634
f 644 634 639
f 644 643 638
f 645 639 641
f 645 644 639
f 645 641 642
f 646 645 642
f 647 642 485
f 648 502 643
f 648 501 502
f 648 643 644
f 648 644 645
f 649 501 648
f 649 648 645
f 650 485 486
f 650 647 485
f 651 645 646
f 651 649 645
f 652 646 642
f 652 642 647
f 653 650 486
f 654 500 501
f 654 501 649
f 654 649 651
f 655 647 650
f 655 652 647
f 656 499 500
f 656 500 654
f 656 646 652
f 656 651 646
f 656 654 651
f 657 486 487
f 657 653 486
f 658 650 653
f 658 655 650
f 659 656 652
f 659 652 655
f 660 657 487
f 661 656 659
f 661 499 656
f 662 653 657
f 662 658 653
f 663 661 659
f 663 659 655
f 663 499 661
f 663 498 499
f 663 655 658
f 664 662 657
f 664 657 660
f 665 487 488
f 665 660 487
f 666 662 664
f 666 663 658
f 666 658 662
f 667 665 488
f 668 488 489
f 668 667 488
f 669 666 664
f 669 497 498
f 670 498 663
f 670 663 666
f 670 666 669
f 670 669 498
f 671 669 664
f 671 660 665
f 671 664 660
f 672 665 667
f 672 671 665
f 673 668 489
f 674 672 667
f 674 667 668
f 675 673 489
f 676 669 671
f 677 676 671
f 677 671 672
f 677 672 674
f 678 489 490
f 678 490 491
f 678 675 489
f 679 668 673
f 679 674 668
f 680 497 669
f 680 669 676
f 681 495 496
f 681 677 674
f 681 496 677
f 682 679 673
f 682 673 675
f 683 496 497
f 683 497 680
f 683 677 496
f 683 676 677
f 683 680 676
f 684 491 492
f 684 675 678
f 684 682 675
f 684 678 491
f 685 495 681
f 685 674 679
f 685 681 674
f 686 494 495
f 686 495 685
f 686 679 682
f 686 685 679
f 687 492 493
f 687 493 494
f 687 684 492
f 687 682 684
f 687 494 686
f 687 686 682
v -7.239863 11.511337 156.450929
v -9.723613 12.946279 154.043919
v -16.073613 1.947756 154.043919
v -16.827300 2.595963 155.208042
v -17.352666 3.526094 156.304511
v -17.619179 4.684096 157.269602
v -17.611349 6.002668 158.047228
v -17.329632 7.405181 158.592196
v -16.790401 8.810126 158.872835
v -16.024993 10.135851 158.872835
v -15.077891 11.305311 158.592196
v -14.004138 12.250541 158.047228
v -12.866135 12.916608 157.269602
v -11.730020 13.264802 156.304511
v -10.661820 13.274888 155.208042
v -13.588798 0.513148 156.451479
v -15.585197 3.586635 159.304642
v -15.233693 2.473172 158.632996
v -14.873191 1.792930 158.098514
v -14.282565 1.049709 157.311432
v -15.747908 4.931289 159.854358
v -15.655783 6.350073 160.212466
v -15.265699 7.752304 160.397845
v -14.580433 9.027447 160.419404
v -13.628143 10.121301 160.280246
v -12.484910 10.978624 159.972395
v -11.686799 11.398211 159.675344
v -10.898716 11.703859 159.304642
v -8.265813 11.895907 157.507652
v -9.242375 11.988329 158.282191
v -9.891223 11.939396 158.718279
f 690 707 703
f 691 706 707
f 691 707 690
f 692 705 706
f 692 706 691
f 693 704 705
f 693 708 704
f 693 705 692
f 694 709 708
f 694 708 693
f 695 710 709
f 695 709 694
f 696 711 710
f 696 710 695
f 697 712 711
f 697 711 696
f 698 713 712
f 698 712 697
f 699 714 713
f 699 713 698
f 700 715 714
f 700 718 715
f 700 714 699
f 701 717 718
f 701 718 700
f 702 716 717
f 702 717 701
f 689 688 716
f 689 716 702
v 25.847347 9.423711 143.805007
v 26.244775 9.725486 144.400159
v 26.454148 9.965180 144.763952
v 26.635111 10.245144 145.119878
v 26.929676 11.033872 145.893880
v 27.024208 11.967412 146.547720
v 26.913254 12.991931 147.043693
v 26.603213 14.048350 147.353199
v 26.111964 15.075749 147.458390
v 25.467835 16.014883 147.353199
v 24.707970 16.811596 147.043693
v 23.876187 17.419944 146.547720
v 23.020452 17.804848 145.893880
v 22.190111 17.944110 145.119878
v 21.667623 17.895901 144.546747
v 21.367058 17.807221 144.178822
v 21.084840 17.672600 143.804998
v 10.517363 11.571464 154.043919
v 15.279863 3.322572 154.043919
v 15.845128 3.808726 154.917012
v 16.239153 4.506325 155.739363
v 16.439037 5.374826 156.463181
v 16.433165 6.363756 157.046401
v 16.221878 7.415640 157.455127
v 15.817454 8.469349 157.665606
v 15.243398 9.463643 157.665606
v 14.533072 10.340738 157.455127
v 13.727757 11.049661 157.046401
v 12.874255 11.549211 156.463181
v 12.022168 11.810356 155.739363
v 11.221018 11.817921 154.917012
f 734 736 735
f 734 749 736
f 733 749 734
f 732 748 749
f 732 749 733
f 731 747 748
f 731 748 732
f 730 746 747
f 730 747 731
f 729 745 746
f 729 746 730
f 728 744 745
f 728 745 729
f 727 743 744
f 727 744 728
f 726 742 743
f 726 743 727
f 725 741 742
f 725 742 726
f 724 740 741
f 724 741 725
f 723 739 740
f 723 740 724
f 722 738 739
f 722 739 723
f 721 738 722
f 720 737 738
f 720 738 721
f 719 737 720
v 4.762500 27.096315 143.805007
v 4.699870 27.591385 144.400159
v 4.596975 27.892554 144.763952
v 4.445000 28.189255 145.119878
v 3.909225 28.838720 145.893880
v 3.148021 29.387357 146.547720
v 2.205284 29.803527 147.043693
v 1.135378 30.063234 147.353199
v 0.000000 30.151499 147.458390
v -1.135378 30.063234 147.353199
v -2.205284 29.803527 147.043693
v -3.148021 29.387357 146.547720
v -3.909225 28.838720 145.893880
v -4.445000 28.189255 145.119878
v -4.664494 27.712662 144.546747
v -4.737977 27.408026 144.178822
v -4.762500 27.096307 143.804998
v -4.762500 14.894036 154.043919
v 4.762500 14.894036 154.043919
v 4.624110 15.626647 154.917012
v 4.216984 16.316681 155.739363
v 3.564782 16.924037 156.463181
v 2.705408 17.413416 157.046401
v 1.688806 17.756378 157.455127
v 0.574056 17.932991 157.665606
v -0.574056 17.932991 157.665606
v -1.688806 17.756378 157.455127
v -2.705408 17.413416 157.046401
v -3.564782 16.924037 156.463181
v -4.216984 16.316681 155.739363
v -4.624110 15.626647 154.917012
f 765 767 766
f 765 780 767
f 764 780 765
f 763 779 780
f 763 780 764
f 762 778 779
f 762 779 763
f 761 777 778
f 761 778 762
f 760 776 777
f 760 777 761
f 759 775 776
f 759 776 760
f 758 774 775
f 758 775 759
f 757 773 774
f 757 774 758
f 756 772 773
f 756 773 757
f 755 771 772
f 755 772 756
f 754 770 771
f 754 771 755
f 753 769 770
f 753 770 754
f 752 769 753
f 751 768 769
f 751 769 752
f 750 768 751
v -21.084847 17.672603 143.805007
v -21.544906 17.865899 144.400159
v -21.857173 17.927374 144.763952
v -22.190111 17.944110 145.119878
v -23.020452 17.804848 145.893880
v -23.876187 17.419944 146.547720
v -24.707970 16.811596 147.043693
v -25.467835 16.014883 147.353199
v -26.111964 15.075749 147.458390
v -26.603213 14.048350 147.353199
v -26.913254 12.991931 147.043693
v -27.024208 11.967412 146.547720
v -26.929676 11.033872 145.893880
v -26.635111 10.245144 145.119878
v -26.332116 9.816761 144.546747
v -26.105035 9.600805 144.178822
v -25.847340 9.423708 143.804998
v -15.279863 3.322572 154.043919
v -10.517363 11.571464 154.043919
v -11.221018 11.817921 154.917012
v -12.022168 11.810356 155.739363
v -12.874255 11.549211 156.463181
v -13.727757 11.049661 157.046401
v -14.533072 10.340738 157.455127
v -15.243398 9.463643 157.665606
v -15.817454 8.469349 157.665606
v -16.221878 7.415640 157.455127
v -16.433165 6.363756 157.046401
v -16.439037 5.374826 156.463181
v -16.239153 4.506325 155.739363
v -15.845128 3.808726 154.917012
f 796 798 797
f 796 811 798
f 795 811 796
f 794 810 811
f 794 811 795
f 793 809 810
f 793 810 794
f 792 808 809
f 792 809 793
f 791 807 808
f 791 808 792
f 790 806 807
f 790 807 791
f 789 805 806
f 789 806 790
f 788 804 805
f 788 805 789
f 787 803 804
f 787 804 788
f 786 802 803
f 786 803 787
f 785 801 802
f 785 802 786
f 784 800 801
f 784 801 785
f 783 800 784
f 782 799 800
f 782 800 783
f 781 799 782
v -25.847347 -9.423711 143.805007
v -26.244775 -9.725486 144.400159
v -26.454148 -9.965180 144.763952
v -26.635111 -10.245144 145.119878
v -26.929676 -11.033872 145.893880
v -27.024208 -11.967412 146.547720
v -26.913254 -12.991931 147.043693
v -26.603213 -14.048350 147.353199
v -26.111964 -15.075749 147.458390
v -25.467835 -16.014883 147.353199
v -24.707970 -16.811596 147.043693
v -23.876187 -17.419944 146.547720
v -23.020452 -17.804848 145.893880
v -22.190111 -17.944110 145.119878
v -21.667623 -17.895901 144.546747
v -21.367058 -17.807221 144.178822
v -21.084840 -17.672600 143.804998
v -10.517363 -11.571464 154.043919
v -15.279863 -3.322572 154.043919
v -15.845128 -3.808726 154.917012
v -16.239153 -4.506325 155.739363
v -16.439037 -5.374826 156.463181
v -16.433165 -6.363756 157.046401
v -16.221878 -7.415640 157.455127
v -15.817454 -8.469349 157.665606
v -15.243398 -9.463643 157.665606
v -14.533072 -10.340738 157.455127
v -13.727757 -11.049661 157.046401
v -12.874255 -11.549211 156.463181
v -12.022168 -11.810356 155.739363
v -11.221018 -11.817921 154.917012
f 827 829 828
f 827 842 829
f 826 842 827
f 825 841 842
f 825 842 826
f 824 840 841
f 824 841 825
f 823 839 840
f 823 840 824
f 822 838 839
f 822 839 823
f 821 837 838
f 821 838 822
f 820 836 837
f 820 837 821
f 819 835 836
f 819 836 820
f 818 834 835
f 818 835 819
f 817 833 834
f 817 834 818
f 816 832 833
f 816 833 817
f 815 831 832
f 815 832 816
f 814 831 815
f 813 830 831
f 813 831 814
f 812 830 813
v -4.762500 -27.096315 143.805007
v -4.699870 -27.591385 144.400159
v -4.596975 -27.892554 144.763952
v -4.445000 -28.189255 145.119878
v -3.909225 -28.838720 145.893880
v -3.148021 -29.387357 146.547720
v -2.205284 -29.803527 147.043693
v -1.135378 -30.063234 147.353199
v -0.000000 -30.151499 147.458390
v 1.135378 -30.063234 147.353199
v 2.205284 -29.803527 147.043693
v 3.148021 -29.387357 146.547720
v 3.909225 -28.838720 145.893880
v 4.445000 -28.189255 145.119878
v 4.664494 -27.712662 144.546747
v 4.737977 -27.408026 144.178822
v 4.762500 -27.096307 143.804998
v 4.762500 -14.894036 154.043919
v -4.762500 -14.894036 154.043919
v -4.624110 -15.626647 154.917012
v -4.216984 -16.316681 155.739363
v -3.564782 -16.924037 156.463181
v -2.705408 -17.413416 157.046401
v -1.688806 -17.756378 157.455127
v -0.574056 -17.932991 157.665606
v 0.574056 -17.932991 157.665606
v 1.688806 -17.756378 157.455127
v 2.705408 -17.413416 157.046401
v 3.564782 -16.924037 156.463181
v 4.216984 -16.316681 155.739363
v 4.624110 -15.626647 154.917012
f 858 860 859
f 858 873 860
f 857 873 858
f 856 872 873
f 856 873 857
f 855 871 872
f 855 872 856
f 854 870 871
f 854 871 855
f 853 869 870
f 853 870 854
f 852 868 869
f 852 869 853
f 851 867 868
f 851 868 852
f 850 866 867
f 850 867 851
f 849 865 866
f 849 866 850
f 848 864 865
f 848 865 849
f 847 863 864
f 847 864 848
f 846 862 863
f 846 863 847
f 845 862 846
f 844 861 862
f 844 862 845
f 843 861 844
v 30.480000 -0.000000 154.406600
v 30.288348 3.412677 154.406600
v 29.715803 6.782438 154.406600
v 28.769564 10.066906 154.406600
v 27.461531 13.224776 154.406600
v 25.808154 16.216338 154.406600
v 23.830224 19.003969 154.406600
v 21.552615 21.552615 154.406600
v 19.003969 23.830224 154.406600
v 16.216338 25.808154 154.406600
v 13.224776 27.461531 154.406600
v 10.066906 28.769564 154.406600
v 6.782438 29.715803 154.406600
v 3.412677 30.288348 154.406600
v 0.000000 30.480000 154.406600
v -3.412677 30.288348 154.406600
v -6.782438 29.715803 154.406600
v -10.066906 28.769564 154.406600
v -13.224776 27.461531 154.406600
v -16.216338 25.808154 154.406600
v -19.003969 23.830224 154.406600
v -21.552615 21.552615 154.406600
v -23.830224 19.003969 154.406600
v -25.808154 16.216338 154.406600
v -27.461531 13.224776 154.406600
v -28.769564 10.066906 154.406600
v -29.715803 6.782438 154.406600
v -30.288348 3.412677 154.406600
v -30.480000 -0.000000 154.406600
v 30.480000 -0.000000 139.031763
v 29.836961 6.227855 142.079124
v 30.281011 3.477175 140.898357
v 30.430277 1.740295 140.017446
v 28.336754 11.227589 147.461542
v 28.682381 10.312204 147.157928
v 28.988896 9.416574 146.605581
v 29.233319 8.627210 145.899675
v 29.488841 7.708704 144.787525
v 29.687659 6.904495 143.494737
v 23.891754 18.926555 147.461542
v 25.386781 16.868366 147.778115
v 26.708199 14.686814 147.842000
v 27.577841 12.980489 147.722788
v 20.311961 22.725639 142.079124
v 21.081897 22.013143 144.094370
v 21.866403 21.234102 145.564954
v 22.652213 20.393809 146.608588
v 23.272865 19.682461 147.158570
v 15.240000 26.396454 139.031763
v 17.586801 24.894474 140.558875
v 18.981276 23.848303 141.374708
v 9.525000 28.953493 142.079124
v 12.129184 27.962713 140.898357
v 13.707999 27.223540 140.017446
v 4.445000 30.154144 147.461542
v 5.410584 29.995768 147.157917
v 6.338082 29.813741 146.606646
v 7.143956 29.630865 145.901191
v 8.077439 29.389984 144.774905
v 8.876122 29.158936 143.472697
v -4.445000 30.154144 147.461542
v -1.915043 30.419780 147.778115
v 0.634946 30.473386 147.842000
v 2.547487 30.373355 147.722788
v -9.525000 28.953493 142.079124
v -8.528507 29.262480 144.085329
v -7.349455 29.580452 145.683894
v -6.227175 29.837086 146.686636
v -5.343466 30.007881 147.187709
v -15.240000 26.396454 139.031763
v -12.765846 27.677853 140.558875
v -11.162598 28.362419 141.374708
v -20.311961 22.725639 142.079124
v -18.151828 24.485538 140.898357
v -16.722278 25.483246 140.017446
v -23.891754 18.926555 147.461542
v -23.271805 19.683587 147.157917
v -22.650416 20.395811 146.606646
v -22.089103 21.002280 145.901191
v -21.413753 21.690259 144.774905
v -20.814318 22.266415 143.472697
v -28.336754 11.227589 147.461542
v -27.301824 13.551414 147.778115
v -26.073253 15.786572 147.842000
v -25.030354 17.392866 147.722788
v -29.836961 6.227855 142.079124
v -29.604890 7.250886 144.094370
v -29.322474 8.319809 145.564954
v -28.987663 9.420487 146.608588
v -28.681944 10.313662 147.158570
v -30.480000 -0.000000 139.031763
v -30.352647 2.783379 140.558875
v -30.143874 4.514116 141.374708
f 965 902 901
f 965 964 902
f 966 965 901
f 959 966 901
f 959 901 900
f 960 959 900
f 961 960 900
f 962 961 900
f 962 900 899
f 963 962 899
f 955 963 899
f 955 899 898
f 956 955 898
f 957 898 897
f 957 956 898
f 958 897 896
f 958 957 897
f 949 958 896
f 950 949 896
f 951 896 895
f 951 950 896
f 952 951 895
f 953 952 895
f 954 895 894
f 954 953 895
f 946 954 894
f 947 894 893
f 947 946 894
f 948 947 893
f 943 893 892
f 943 948 893
f 944 943 892
f 945 892 891
f 945 944 892
f 938 945 891
f 939 938 891
f 940 891 890
f 940 939 891
f 941 940 890
f 942 890 889
f 942 941 890
f 934 942 889
f 935 889 888
f 935 934 889
f 936 935 888
f 937 888 887
f 937 936 888
f 928 937 887
f 929 887 886
f 929 928 887
f 930 929 886
f 931 930 886
f 932 931 886
f 932 886 885
f 933 932 885
f 925 933 885
f 926 925 885
f 926 885 884
f 927 884 883
f 927 926 884
f 922 927 883
f 923 883 882
f 923 922 883
f 924 923 882
f 917 924 882
f 918 882 881
f 918 917 882
f 919 918 881
f 920 881 880
f 920 919 881
f 921 920 880
f 913 921 880
f 914 880 879
f 914 913 880
f 915 879 878
f 915 914 879
f 916 915 878
f 907 878 877
f 907 916 878
f 908 907 877
f 909 908 877
f 910 877 876
f 910 909 877
f 911 910 876
f 912 911 876
f 904 876 875
f 904 912 876
f 905 904 875
f 906 875 874
f 906 905 875
f 903 906 874
v -22.860000 -0.000000 162.026600
v -22.664430 2.983829 162.026600
v -22.081064 5.916603 162.026600
v -21.119886 8.748143 162.026600
v -19.797341 11.430000 162.026600
v -18.136057 13.916286 162.026600
v -16.164461 16.164461 162.026600
v -13.916286 18.136057 162.026600
v -11.430000 19.797341 162.026600
v -8.748143 21.119886 162.026600
v -5.916603 22.081064 162.026600
v -2.983829 22.664430 162.026600
v 0.000000 22.860000 162.026600
v 2.983829 22.664430 162.026600
v 5.916603 22.081064 162.026600
v 8.748143 21.119886 162.026600
v 11.430000 19.797341 162.026600
v 13.916286 18.136057 162.026600
v 16.164461 16.164461 162.026600
v 18.136057 13.916286 162.026600
v 19.797341 11.430000 162.026600
v 21.119886 8.748143 162.026600
v 22.081064 5.916603 162.026600
v 22.664430 2.983829 162.026600
v 22.860000 -0.000000 162.026600
v 30.480000 -0.000000 154.406600
v 30.288348 3.412677 154.406600
v 29.715803 6.782438 154.406600
v 28.769564 10.066906 154.406600
v 27.461531 13.224776 154.406600
v 25.808154 16.216338 154.406600
v 23.830224 19.003969 154.406600
v 21.552615 21.552615 154.406600
v 19.003969 23.830224 154.406600
v 16.216338 25.808154 154.406600
v 13.224776 27.461531 154.406600
v 10.066906 28.769564 154.406600
v 6.782438 29.715803 154.406600
v 3.412677 30.288348 154.406600
v 0.000000 30.480000 154.406600
v -3.412677 30.288348 154.406600
v -6.782438 29.715803 154.406600
v -10.066906 28.769564 154.406600
v -13.224776 27.461531 154.406600
v -16.216338 25.808154 154.406600
v -19.003969 23.830224 154.406600
v -21.552615 21.552615 154.406600
v -23.830224 19.003969 154.406600
v -25.808154 16.216338 154.406600
v -27.461531 13.224776 154.406600
v -28.769564 10.066906 154.406600
v -29.715803 6.782438 154.406600
v -30.288348 3.412677 154.406600
v -30.480000 -0.000000 154.406600
v -25.087284 3.973435 159.486600
v -27.596012 4.370779 156.946600
v -24.156836 7.849032 159.486600
v -26.572519 8.633935 156.946600
v -22.631566 11.531359 159.486600
v -24.894722 12.684495 156.946600
v -20.549032 14.929745 159.486600
v -22.603935 16.422720 156.946600
v -17.960512 17.960512 159.486600
v -19.756563 19.756563 156.946600
v -14.929745 20.549032 159.486600
v -16.422720 22.603935 156.946600
v -11.531359 22.631566 159.486600
v -12.684495 24.894722 156.946600
v -7.849032 24.156836 159.486600
v -8.633935 26.572519 156.946600
v -3.973435 25.087284 159.486600
v -4.370779 27.596012 156.946600
v -0.000000 25.400000 159.486600
v -0.000000 27.940000 156.946600
v 3.973435 25.087284 159.486600
v 4.370779 27.596012 156.946600
v 7.849032 24.156836 159.486600
v 8.633935 26.572519 156.946600
v 11.531359 22.631566 159.486600
v 12.684495 24.894722 156.946600
v 14.929745 20.549032 159.486600
v 16.422720 22.603935 156.946600
v 17.960512 17.960512 159.486600
v 19.756563 19.756563 156.946600
v 20.549032 14.929745 159.486600
v 22.603935 16.422720 156.946600
v 22.631566 11.531359 159.486600
v 24.894722 12.684495 156.946600
v 24.156836 7.849032 159.486600
v 26.572519 8.633935 156.946600
v 25.087284 3.973435 159.486600
v 27.596012 4.370779 156.946600
f 1021 967 968
f 1021 968 969
f 1022 1018 1019
f 1022 1019 1020
f 1022 1020 967
f 1022 967 1021
f 1023 969 970
f 1023 1021 969
f 1024 1022 1021
f 1024 1021 1023
f 1024 1017 1018
f 1024 1018 1022
f 1025 970 971
f 1025 1023 970
f 1026 1023 1025
f 1026 1017 1024
f 1026 1015 1016
f 1026 1016 1017
f 1026 1024 1023
f 1027 971 972
f 1027 1025 971
f 1028 1026 1025
f 1028 1014 1015
f 1028 1025 1027
f 1028 1015 1026
f 1029 972 973
f 1029 973 974
f 1029 1027 972
f 1030 1012 1013
f 1030 1013 1014
f 1030 1014 1028
f 1030 1027 1029
f 1030 1028 1027
f 1031 974 975
f 1031 1030 1029
f 1031 1029 974
f 1032 1011 1012
f 1032 1012 1030
f 1032 1030 1031
f 1033 975 976
f 1033 1031 975
f 1034 1011 1032
f 1034 1010 1011
f 1034 1031 1033
f 1034 1032 1031
f 1035 976 977
f 1035 1033 976
f 1036 1033 1035
f 1036 1008 1009
f 1036 1009 1010
f 1036 1010 1034
f 1036 1034 1033
f 1037 1036 1035
f 1037 977 978
f 1037 1035 977
f 1038 1008 1036
f 1038 1007 1008
f 1038 1036 1037
f 1039 1037 978
f 1039 978 979
f 1039 979 980
f 1040 1005 1006
f 1040 1006 1007
f 1040 1007 1038
f 1040 1037 1039
f 1040 1038 1037
f 1041 980 981
f 1041 1040 1039
f 1041 1039 980
f 1042 1005 1040
f 1042 1040 1041
f 1042 1004 1005
f 1043 981 982
f 1043 1041 981
f 1044 1041 1043
f 1044 1003 1004
f 1044 1042 1041
f 1044 1004 1042
f 1045 982 983
f 1045 1043 982
f 1046 1043 1045
f 1046 1001 1002
f 1046 1002 1003
f 1046 1044 1043
f 1046 1003 1044
f 1047 983 984
f 1047 1045 983
f 1048 1001 1046
f 1048 1000 1001
f 1048 1046 1045
f 1048 1045 1047
f 1049 984 985
f 1049 985 986
f 1049 1047 984
f 1050 998 999
f 1050 999 1000
f 1050 1000 1048
f 1050 1048 1047
f 1050 1047 1049
f 1051 986 987
f 1051 1049 986
f 1052 997 998
f 1052 998 1050
f 1052 1050 1049
f 1052 1049 1051
f 1053 987 988
f 1053 1051 987
f 1054 1051 1053
f 1054 995 996
f 1054 996 997
f 1054 997 1052
f 1054 1052 1051
f 1055 988 989
f 1055 1053 988
f 1056 1054 1053
f 1056 994 995
f 1056 995 1054
f 1056 1053 1055
f 1057 989 990
f 1057 990 991
f 1057 991 992
f 1057 1055 989
f 1058 1055 1057
f 1058 1056 1055
f 1058 994 1056
f 1058 1057 992
f 1058 992 993
f 1058 993 994
v -13.589047 -0.514240 156.450935
v -16.073613 -1.947756 154.043919
v -9.723613 -12.946279 154.043919
v -10.661820 -13.274888 155.208042
v -11.730020 -13.264802 156.304511
v -12.866135 -12.916608 157.269602
v -14.004138 -12.250541 158.047228
v -15.077891 -11.305311 158.592196
v -16.024993 -10.135851 158.872835
v -16.790401 -8.810126 158.872835
v -17.329632 -7.405181 158.592196
v -17.611349 -6.002668 158.047228
v -17.619179 -4.684096 157.269602
v -17.352666 -3.526094 156.304511
v -16.827300 -2.595963 155.208042
v -7.238798 -11.511670 156.451479
v -8.177990 -11.875845 157.429647
v -9.316350 -11.984507 158.335830
v -10.095090 -11.905606 158.847914
v -10.898716 -11.703859 159.304642
v -12.144576 -11.172443 159.854358
v -13.327216 -10.383270 160.212466
v -14.346542 -9.344331 160.397845
v -15.108215 -8.113302 160.419404
v -15.579375 -6.741667 160.280246
v -15.750222 -5.322937 159.972395
v -15.714539 -4.421959 159.675344
v -15.585197 -3.586635 159.304642
v -15.153843 -2.303225 158.512379
v -14.466670 -1.247598 157.550135
v -14.039573 -0.828768 157.006215
f 1061 1075 1074
f 1062 1076 1075
f 1062 1075 1061
f 1063 1077 1076
f 1063 1076 1062
f 1064 1078 1077
f 1064 1079 1078
f 1064 1077 1063
f 1065 1080 1079
f 1065 1079 1064
f 1066 1081 1080
f 1066 1080 1065
f 1067 1082 1081
f 1067 1081 1066
f 1068 1083 1082
f 1068 1082 1067
f 1069 1084 1083
f 1069 1083 1068
f 1070 1085 1084
f 1070 1084 1069
f 1071 1086 1085
f 1071 1085 1070
f 1072 1087 1086
f 1072 1086 1071
f 1073 1088 1087
f 1073 1089 1088
f 1073 1087 1072
f 1060 1059 1089
f 1060 1089 1073
v -6.349179 -12.025574 156.450929
v -6.350000 -14.894036 154.043919
v 6.350000 -14.894036 154.043919
v 6.165481 -15.870851 155.208042
v 5.622646 -16.790897 156.304511
v 4.753043 -17.600704 157.269602
v 3.607211 -18.253210 158.047228
v 2.251741 -18.710493 158.592196
v 0.765408 -18.945977 158.872835
v -0.765408 -18.945977 158.872835
v -2.251741 -18.710493 158.592196
v -3.607211 -18.253210 158.047228
v -4.753043 -17.600704 157.269602
v -5.622646 -16.790897 156.304511
v -6.165481 -15.870851 155.208042
v 6.350000 -12.024818 156.451479
v 4.686482 -15.290494 159.304642
v 5.475017 -14.429351 158.632996
v 5.883873 -13.777026 158.098514
v 6.232208 -12.893918 157.311432
v 3.604763 -16.102855 159.853824
v 2.333075 -16.731657 160.211549
v 1.183021 -17.053294 160.376447
v 0.000001 -17.162415 160.429859
v -1.354538 -17.018380 160.360058
v -2.214837 -16.774782 160.234600
v -3.024000 -16.428576 160.045405
v -3.872465 -15.928726 159.745318
v -4.297978 -15.617165 159.539294
v -4.686482 -15.290494 159.304642
v -6.169251 -13.106358 157.507652
v -5.761010 -13.998296 158.282191
v -5.394209 -14.535748 158.718279
f 1092 1109 1105
f 1093 1108 1109
f 1093 1109 1092
f 1094 1107 1108
f 1094 1108 1093
f 1095 1106 1107
f 1095 1110 1106
f 1095 1107 1094
f 1096 1111 1110
f 1096 1110 1095
f 1097 1112 1111
f 1097 1111 1096
f 1098 1113 1112
f 1098 1112 1097
f 1099 1114 1113
f 1099 1113 1098
f 1100 1115 1114
f 1100 1116 1115
f 1100 1114 1099
f 1101 1117 1116
f 1101 1118 1117
f 1101 1116 1100
f 1102 1119 1118
f 1102 1122 1119
f 1102 1118 1101
f 1103 1121 1122
f 1103 1122 1102
f 1104 1120 1121
f 1104 1121 1103
f 1091 1090 1120
f 1091 1120 1104
v 7.239863 -11.511337 156.450929
v 9.723613 -12.946279 154.043919
v 16.073613 -1.947756 154.043919
v 16.827300 -2.595963 155.208042
v 17.352666 -3.526094 156.304511
v 17.619179 -4.684096 157.269602
v 17.611349 -6.002668 158.047228
v 17.329632 -7.405181 158.592196
v 16.790401 -8.810126 158.872835
v 16.024993 -10.135851 158.872835
v 15.077891 -11.305311 158.592196
v 14.004138 -12.250541 158.047228
v 12.866135 -12.916608 157.269602
v 11.730020 -13.264802 156.304511
v 10.661820 -13.274888 155.208042
v 13.588798 -0.513148 156.451479
v 15.585197 -3.586635 159.304642
v 15.233693 -2.473172 158.632996
v 14.873191 -1.792930 158.098514
v 14.282565 -1.049709 157.311432
v 15.747908 -4.931289 159.854358
v 15.655783 -6.350073 160.212466
v 15.265699 -7.752304 160.397845
v 14.580433 -9.027447 160.419404
v 13.628143 -10.121301 160.280246
v 12.484910 -10.978624 159.972395
v 11.686799 -11.398211 159.675344
v 10.898716 -11.703859 159.304642
v 8.265813 -11.895907 157.507652
v 9.242375 -11.988329 158.282191
v 9.891223 -11.939396 158.718279
f 1125 1142 1138
f 1126 1141 1142
f 1126 1142 1125
f 1127 1140 1141
f 1127 1141 1126
f 1128 1139 1140
f 1128 1143 1139
f 1128 1140 1127
f 1129 1144 1143
f 1129 1143 1128
f 1130 1145 1144
f 1130 1144 1129
f 1131 1146 1145
f 1131 1145 1130
f 1132 1147 1146
f 1132 1146 1131
f 1133 1148 1147
f 1133 1147 1132
f 1134 1149 1148
f 1134 1148 1133
f 1135 1150 1149
f 1135 1153 1150
f 1135 1149 1134
f 1136 1152 1153
f 1136 1153 1135
f 1137 1151 1152
f 1137 1152 1136
f 1124 1123 1151
f 1124 1151 1137
v 6.137851 7.772766 149.326600
v 6.137851 7.772766 152.048558
v 6.969937 7.035997 150.966908
v 7.633031 6.310096 150.342187
v 8.146754 5.631078 150.036382
v 8.567173 4.969168 149.941783
v 8.894038 4.355985 150.008403
v 9.149155 3.790365 150.186795
v 9.368945 3.210543 150.478368
v 9.568921 2.554161 150.937761
v 9.700790 1.995171 151.437209
v 9.800338 1.429151 152.048558
v 9.800338 -1.429151 152.048558
v 9.892459 -0.477867 152.048558
v 9.892459 0.477867 152.048558
v 9.578052 -2.518582 150.966618
v 9.287281 -3.439517 150.350232
v 8.972136 -4.192889 150.048622
v 8.628130 -4.862545 149.943267
v 8.209147 -5.539505 150.012119
v 7.733522 -6.186096 150.268584
v 7.244570 -6.753198 150.680469
v 6.711963 -7.282529 151.268814
v 6.137851 -7.772766 152.048558
v 3.662488 -9.201918 152.048558
v 4.532384 -8.806054 152.048558
v 5.360075 -8.328187 152.048558
v 2.608383 -9.554141 150.966908
v 1.648188 -9.765447 150.342187
v 0.803280 -9.870835 150.036382
v 0.019839 -9.903973 149.941783
v -0.674625 -9.880455 150.008403
v -1.292025 -9.818584 150.186795
v -1.904060 -9.719016 150.478368
v -2.572492 -9.564009 150.937761
v -3.122527 -9.398716 151.437209
v -3.662488 -9.201918 152.048558
v -6.137851 -7.772766 152.048558
v -5.360075 -8.328187 152.048558
v -4.532384 -8.806054 152.048558
v -6.137851 -7.772766 149.326600
v -4.503522 -8.820850 149.326600
v -2.696126 -9.529953 149.326600
v -0.785119 -9.872826 149.326600
v 1.156060 -9.836291 149.326600
v 3.052812 -9.421754 149.326600
v 4.832246 -8.645143 149.326600
v 6.425979 -7.536305 149.326600
v 7.772766 -6.137851 149.326600
v 8.820850 -4.503522 149.326600
v 9.529953 -2.696126 149.326600
v 9.872826 -0.785119 149.326600
v 9.836291 1.156060 149.326600
v 9.421754 3.052812 149.326600
v 8.645143 4.832246 149.326600
v 7.536305 6.425979 149.326600
f 1192 1194 1191
f 1192 1195 1194
f 1193 1195 1192
f 1189 1195 1193
f 1188 1196 1195
f 1188 1195 1189
f 1190 1189 1193
f 1187 1196 1188
f 1186 1197 1196
f 1186 1196 1187
f 1185 1197 1186
f 1184 1197 1185
f 1198 1197 1184
f 1183 1198 1184
f 1182 1198 1183
f 1199 1198 1182
f 1181 1199 1182
f 1200 1199 1181
f 1178 1200 1181
f 1179 1200 1178
f 1180 1200 1179
f 1176 1200 1180
f 1176 1201 1200
f 1177 1176 1180
f 1175 1201 1176
f 1175 1202 1201
f 1174 1202 1175
f 1173 1202 1174
f 1203 1202 1173
f 1172 1203 1173
f 1171 1203 1172
f 1204 1203 1171
f 1170 1204 1171
f 1169 1204 1170
f 1205 1204 1169
f 1166 1205 1169
f 1167 1205 1166
f 1168 1205 1167
f 1168 1206 1205
f 1164 1206 1168
f 1163 1206 1164
f 1163 1207 1206
f 1165 1164 1168
f 1162 1207 1163
f 1161 1207 1162
f 1160 1207 1161
f 1160 1208 1207
f 1159 1208 1160
f 1158 1208 1159
f 1209 1208 1158
f 1157 1209 1158
f 1156 1154 1209
f 1156 1209 1157
f 1155 1154 1156
v -6.137851 -7.772766 152.048558
v -6.969937 -7.035997 150.966908
v -7.633031 -6.310096 150.342187
v -8.146754 -5.631078 150.036382
v -8.567173 -4.969168 149.941783
v -8.894038 -4.355985 150.008403
v -9.149155 -3.790365 150.186795
v -9.368945 -3.210543 150.478368
v -9.568921 -2.554161 150.937761
v -9.700790 -1.995171 151.437209
v -9.800338 -1.429151 152.048558
v -9.800338 1.429151 152.048558
v -9.892459 0.477867 152.048558
v -9.892459 -0.477867 152.048558
v -9.578321 2.518144 150.966908
v -9.281219 3.455351 150.342187
v -8.950034 4.239756 150.036382
v -8.587012 4.934806 149.941783
v -8.219412 5.524470 150.008403
v -7.857130 6.028218 150.186795
v -7.464885 6.508473 150.478368
v -6.996428 7.009848 150.937761
v -6.578263 7.403545 151.437209
v -6.137851 7.772766 152.048558
v -3.662488 9.201918 152.048558
v -4.532384 8.806054 152.048558
v -5.360075 8.328187 152.048558
v -2.608383 9.554141 150.966908
v -1.648188 9.765447 150.342187
v -0.803280 9.870835 150.036382
v -0.019839 9.903973 149.941783
v 0.674625 9.880455 150.008403
v 1.292025 9.818584 150.186795
v 1.904060 9.719016 150.478368
v 2.572492 9.564009 150.937761
v 3.122527 9.398716 151.437209
v 3.662488 9.201918 152.048558
v 6.137851 7.772766 152.048558
v 5.360075 8.328187 152.048558
v 4.532384 8.806054 152.048558
v 6.137851 7.772766 149.326600
v 4.503522 8.820850 149.326600
v 2.696126 9.529953 149.326600
v 0.785119 9.872826 149.326600
v -1.156060 9.836291 149.326600
v -3.052812 9.421754 149.326600
v -4.832246 8.645143 149.326600
v -6.425979 7.536305 149.326600
v -7.772766 6.137851 149.326600
v -8.820850 4.503522 149.326600
v -9.529953 2.696126 149.326600
v -9.872826 0.785119 149.326600
v -9.836291 -1.156060 149.326600
v -9.421754 -3.052812 149.326600
v -8.645143 -4.832246 149.326600
v -7.536305 -6.425979 149.326600
v -6.137851 -7.772766 149.326600
f 1248 1250 1247
f 1248 1251 1250
f 1249 1251 1248
f 1245 1251 1249
f 1244 1252 1251
f 1244 1251 1245
f 1246 1245 1249
f 1243 1252 1244
f 1242 1253 1252
f 1242 1252 1243
f 1241 1253 1242
f 1240 1253 1241
f 1254 1253 1240
f 1239 1254 1240
f 1238 1254 1239
f 1255 1254 1238
f 1237 1255 1238
f 1256 1255 1237
f 1234 1256 1237
f 1235 1256 1234
f 1236 1256 1235
f 1232 1256 1236
f 1232 1257 1256
f 1231 1257 1232
f 1233 1232 1236
f 1230 1257 1231
f 1230 1258 1257
f 1229 1258 1230
f 1228 1258 1229
f 1259 1258 1228
f 1227 1259 1228
f 1226 1259 1227
f 1260 1259 1226
f 1225 1260 1226
f 1224 1260 1225
f 1261 1260 1224
f 1221 1261 1224
f 1222 1261 1221
f 1223 1261 1222
f 1223 1262 1261
f 1219 1262 1223
f 1218 1262 1219
f 1218 1263 1262
f 1220 1219 1223
f 1217 1263 1218
f 1216 1263 1217
f 1215 1263 1216
f 1215 1264 1263
f 1214 1264 1215
f 1213 1264 1214
f 1265 1264 1213
f 1212 1265 1213
f 1211 1266 1265
f 1211 1265 1212
f 1210 1266 1211
v 6.137851 -7.772766 152.048558
v 5.932716 -8.879714 152.964716
v 5.952753 -9.623906 153.729581
v 6.141384 -10.302287 154.536539
v 6.538766 -10.938171 155.429607
v 6.856634 -11.247891 155.942021
v 7.239863 -11.511337 156.450929
v 9.800338 -1.429151 152.048558
v 9.578052 -2.518582 150.966618
v 9.287281 -3.439517 150.350232
v 8.972136 -4.192889 150.048622
v 8.628130 -4.862545 149.943267
v 8.209147 -5.539505 150.012119
v 7.733522 -6.186096 150.268584
v 7.244570 -6.753198 150.680469
v 6.711963 -7.282529 151.268814
v 13.588798 -0.513148 156.451479
v 12.735122 -0.192231 155.421837
v 11.858050 -0.186613 154.377762
v 10.980372 -0.497461 153.344252
v 10.461979 -0.834137 152.751627
v 16.073613 -1.947756 154.043919
v 9.723613 -12.946279 154.043919
v 8.969926 -12.298073 152.879797
v 8.444560 -11.367941 151.783328
v 8.178048 -10.209940 150.818237
v 8.185877 -8.891367 150.040611
v 8.467594 -7.488854 149.495643
v 9.006825 -6.083910 149.215004
v 9.772233 -4.758185 149.215004
v 10.719335 -3.588724 149.495643
v 11.793088 -2.643494 150.040611
v 12.931091 -1.977427 150.818237
v 14.067206 -1.629233 151.783328
v 15.135407 -1.619147 152.879797
f 1289 1272 1273
f 1290 1270 1271
f 1290 1271 1272
f 1290 1272 1289
f 1291 1269 1270
f 1291 1270 1290
f 1292 1267 1268
f 1292 1268 1269
f 1292 1269 1291
f 1293 1282 1267
f 1293 1267 1292
f 1294 1280 1281
f 1294 1281 1282
f 1294 1282 1293
f 1295 1279 1280
f 1295 1280 1294
f 1278 1279 1295
f 1296 1276 1277
f 1296 1277 1278
f 1296 1278 1295
f 1297 1275 1276
f 1297 1276 1296
f 1298 1274 1275
f 1298 1287 1274
f 1298 1275 1297
f 1299 1286 1287
f 1299 1287 1298
f 1300 1285 1286
f 1300 1286 1299
f 1301 1285 1300
f 1301 1284 1285
f 1288 1284 1301
f 1288 1283 1284
v -3.662488 -9.201918 152.048558
v -4.723699 -9.577740 152.964716
v -5.358171 -9.967188 153.729581
v -5.851351 -10.469738 154.536539
v -6.203351 -11.131823 155.429607
v -6.312642 -11.561964 155.942021
v -6.349179 -12.025574 156.450929
v 3.662488 -9.201918 152.048558
v 2.608383 -9.554141 150.966908
v 1.648188 -9.765447 150.342187
v 0.803280 -9.870835 150.036382
v 0.019839 -9.903973 149.941783
v -0.674625 -9.880455 150.008403
v -1.292025 -9.818584 150.186795
v -1.904060 -9.719016 150.478368
v -2.572492 -9.564009 150.937761
v -3.122527 -9.398716 151.437209
v 6.350000 -12.024818 156.451479
v 6.201084 -11.125055 155.421837
v 5.767413 -10.362679 154.377762
v 5.059373 -9.758012 153.344252
v 4.508606 -9.477408 152.751627
v 6.350000 -14.894036 154.043919
v -6.350000 -14.894036 154.043919
v -6.165481 -13.917220 152.879797
v -5.622646 -12.997174 151.783328
v -4.753043 -12.187367 150.818237
v -3.607211 -11.534861 150.040611
v -2.251741 -11.077579 149.495643
v -0.765408 -10.842094 149.215004
v 0.765408 -10.842094 149.215004
v 2.251741 -11.077579 149.495643
v 3.607211 -11.534861 150.040611
v 4.753043 -12.187367 150.818237
v 5.622646 -12.997174 151.783328
v 6.165481 -13.917220 152.879797
f 1325 1307 1308
f 1326 1305 1306
f 1326 1306 1307
f 1326 1307 1325
f 1327 1304 1305
f 1327 1305 1326
f 1328 1302 1303
f 1328 1303 1304
f 1328 1304 1327
f 1329 1317 1318
f 1329 1318 1302
f 1329 1302 1328
f 1330 1316 1317
f 1330 1317 1329
f 1315 1316 1330
f 1331 1314 1315
f 1331 1315 1330
f 1313 1314 1331
f 1332 1311 1312
f 1332 1312 1313
f 1332 1313 1331
f 1333 1310 1311
f 1333 1311 1332
f 1334 1309 1310
f 1334 1323 1309
f 1334 1310 1333
f 1335 1322 1323
f 1335 1323 1334
f 1336 1321 1322
f 1336 1322 1335
f 1337 1321 1336
f 1337 1320 1321
f 1324 1320 1337
f 1324 1319 1320
v -13.589047 -0.514240 156.450935
v -12.704681 -0.187897 155.387941
v -11.813999 -0.195367 154.326711
v -10.914523 -0.532290 153.268314
v -10.341222 -0.926471 152.618922
v -9.800338 -1.429151 152.048558
v -6.137851 -7.772766 152.048558
v -6.969937 -7.035997 150.966908
v -7.633031 -6.310096 150.342187
v -8.146754 -5.631078 150.036382
v -8.567173 -4.969168 149.941783
v -8.894038 -4.355985 150.008403
v -9.149155 -3.790365 150.186795
v -9.368945 -3.210543 150.478368
v -9.568921 -2.554161 150.937761
v -9.700790 -1.995171 151.437209
v -5.927261 -8.914772 153.003636
v -5.999076 -9.867184 154.007495
v -6.276619 -10.573842 154.899669
v -6.671371 -11.083086 155.661944
v -7.238798 -11.511670 156.451479
v -9.723613 -12.946279 154.043919
v -16.073613 -1.947756 154.043919
v -15.135407 -1.619147 152.879797
v -14.067206 -1.629233 151.783328
v -12.931091 -1.977427 150.818237
v -11.793088 -2.643494 150.040611
v -10.719335 -3.588724 149.495643
v -9.772233 -4.758185 149.215004
v -9.006825 -6.083910 149.215004
v -8.467594 -7.488854 149.495643
v -8.185877 -8.891367 150.040611
v -8.178048 -10.209940 150.818237
v -8.444560 -11.367941 151.783328
v -8.969926 -12.298073 152.879797
f 1360 1339 1338
f 1361 1340 1339
f 1361 1339 1360
f 1362 1341 1340
f 1362 1340 1361
f 1363 1342 1341
f 1363 1341 1362
f 1364 1343 1342
f 1364 1352 1353
f 1364 1353 1343
f 1364 1342 1363
f 1365 1351 1352
f 1365 1352 1364
f 1350 1351 1365
f 1366 1349 1350
f 1366 1350 1365
f 1348 1349 1366
f 1367 1346 1347
f 1367 1347 1348
f 1367 1348 1366
f 1368 1345 1346
f 1368 1346 1367
f 1369 1344 1345
f 1369 1345 1368
f 1370 1354 1344
f 1370 1344 1369
f 1371 1355 1354
f 1371 1356 1355
f 1371 1354 1370
f 1372 1357 1356
f 1372 1356 1371
f 1359 1357 1372
f 1359 1358 1357
v 22.860000 -0.000000 162.026600
v 30.480000 -0.000000 154.406600
v 22.664430 -2.983829 162.026600
v 22.081064 -5.916603 162.026600
v 21.119886 -8.748143 162.026600
v 19.797341 -11.430000 162.026600
v 18.136057 -13.916286 162.026600
v 16.164461 -16.164461 162.026600
v 13.916286 -18.136057 162.026600
v 11.430000 -19.797341 162.026600
v 8.748143 -21.119886 162.026600
v 5.916603 -22.081064 162.026600
v 2.983829 -22.664430 162.026600
v 0.000000 -22.860000 162.026600
v -2.983829 -22.664430 162.026600
v -5.916603 -22.081064 162.026600
v -8.748143 -21.119886 162.026600
v -11.430000 -19.797341 162.026600
v -13.916286 -18.136057 162.026600
v -16.164461 -16.164461 162.026600
v -18.136057 -13.916286 162.026600
v -19.797341 -11.430000 162.026600
v -21.119886 -8.748143 162.026600
v -22.081064 -5.916603 162.026600
v -22.664430 -2.983829 162.026600
v -22.860000 -0.000000 162.026600
v -30.480000 -0.000000 154.406600
v -30.288348 -3.412677 154.406600
v -29.715803 -6.782438 154.406600
v -28.769564 -10.066906 154.406600
v -27.461531 -13.224776 154.406600
v -25.808154 -16.216338 154.406600
v -23.830224 -19.003969 154.406600
v -21.552615 -21.552615 154.406600
v -19.003969 -23.830224 154.406600
v -16.216338 -25.808154 154.406600
v -13.224776 -27.461531 154.406600
v -10.066906 -28.769564 154.406600
v -6.782438 -29.715803 154.406600
v -3.412677 -30.288348 154.406600
v -0.000000 -30.480000 154.406600
v 3.412677 -30.288348 154.406600
v 6.782438 -29.715803 154.406600
v 10.066906 -28.769564 154.406600
v 13.224776 -27.461531 154.406600
v 16.216338 -25.808154 154.406600
v 19.003969 -23.830224 154.406600
v 21.552615 -21.552615 154.406600
v 23.830224 -19.003969 154.406600
v 25.808154 -16.216338 154.406600
v 27.461531 -13.224776 154.406600
v 28.769564 -10.066906 154.406600
v 29.715803 -6.782438 154.406600
v 30.288348 -3.412677 154.406600
v 25.087284 -3.973435 159.486600
v 27.596012 -4.370779 156.946600
v 24.156836 -7.849032 159.486600
v 26.572519 -8.633935 156.946600
v 22.631566 -11.531359 159.486600
v 24.894722 -12.684495 156.946600
v 20.549032 -14.929745 159.486600
v 22.603935 -16.422720 156.946600
v 17.960512 -17.960512 159.486600
v 19.756563 -19.756563 156.946600
v 14.929745 -20.549032 159.486600
v 16.422720 -22.603935 156.946600
v 11.531359 -22.631566 159.486600
v 12.684495 -24.894722 156.946600
v 7.849032 -24.156836 159.486600
v 8.633935 -26.572519 156.946600
v 3.973435 -25.087284 159.486600
v 4.370779 -27.596012 156.946600
v 0.000000 -25.400000 159.486600
v 0.000000 -27.940000 156.946600
v -3.973435 -25.087284 159.486600
v -4.370779 -27.596012 156.946600
v -7.849032 -24.156836 159.486600
v -8.633935 -26.572519 156.946600
v -11.531359 -22.631566 159.486600
v -12.684495 -24.894722 156.946600
v -14.929745 -20.549032 159.486600
v -16.422720 -22.603935 156.946600
v -17.960512 -17.960512 159.486600
v -19.756563 -19.756563 156.946600
v -20.549032 -14.929745 159.486600
v -22.603935 -16.422720 156.946600
v -22.631566 -11.531359 159.486600
v -24.894722 -12.684495 156.946600
v -24.156836 -7.849032 159.486600
v -26.572519 -8.633935 156.946600
v -25.087284 -3.973435 159.486600
v -27.596012 -4.370779 156.946600
f 1427 1373 1375
f 1427 1375 1376
f 1428 1374 1373
f 1428 1425 1426
f 1428 1426 1374
f 1428 1373 1427
f 1429 1376 1377
f 1429 1427 1376
f 1430 1428 1427
f 1430 1427 1429
f 1430 1423 1424
f 1430 1424 1425
f 1430 1425 1428
f 1431 1377 1378
f 1431 1429 1377
f 1432 1429 1431
f 1432 1422 1423
f 1432 1423 1430
f 1432 1430 1429
f 1433 1378 1379
f 1433 1431 1378
f 1434 1432 1431
f 1434 1421 1422
f 1434 1431 1433
f 1434 1422 1432
f 1435 1379 1380
f 1435 1380 1381
f 1435 1433 1379
f 1436 1419 1420
f 1436 1420 1421
f 1436 1421 1434
f 1436 1434 1433
f 1436 1433 1435
f 1437 1381 1382
f 1437 1435 1381
f 1438 1436 1435
f 1438 1418 1419
f 1438 1419 1436
f 1438 1435 1437
f 1439 1382 1383
f 1439 1437 1382
f 1440 1438 1437
f 1440 1417 1418
f 1440 1437 1439
f 1440 1418 1438
f 1441 1439 1383
f 1441 1383 1384
f 1442 1415 1416
f 1442 1416 1417
f 1442 1440 1439
f 1442 1439 1441
f 1442 1417 1440
f 1443 1384 1385
f 1443 1442 1441
f 1443 1441 1384
f 1444 1415 1442
f 1444 1442 1443
f 1444 1414 1415
f 1445 1443 1385
f 1445 1385 1386
f 1445 1386 1387
f 1445 1444 1443
f 1446 1412 1413
f 1446 1413 1414
f 1446 1444 1445
f 1446 1414 1444
f 1447 1445 1387
f 1447 1387 1388
f 1448 1412 1446
f 1448 1411 1412
f 1448 1446 1445
f 1448 1445 1447
f 1449 1447 1388
f 1449 1388 1389
f 1450 1410 1411
f 1450 1447 1449
f 1450 1411 1448
f 1450 1448 1447
f 1451 1389 1390
f 1451 1449 1389
f 1451 1450 1449
f 1452 1410 1450
f 1452 1408 1409
f 1452 1409 1410
f 1452 1450 1451
f 1453 1390 1391
f 1453 1451 1390
f 1454 1452 1451
f 1454 1407 1408
f 1454 1451 1453
f 1454 1408 1452
f 1455 1391 1392
f 1455 1392 1393
f 1455 1453 1391
f 1456 1405 1406
f 1456 1406 1407
f 1456 1454 1453
f 1456 1407 1454
f 1456 1453 1455
f 1457 1393 1394
f 1457 1455 1393
f 1457 1456 1455
f 1458 1404 1405
f 1458 1405 1456
f 1458 1456 1457
f 1459 1394 1395
f 1459 1457 1394
f 1460 1457 1459
f 1460 1402 1403
f 1460 1403 1404
f 1460 1404 1458
f 1460 1458 1457
f 1461 1395 1396
f 1461 1459 1395
f 1462 1460 1459
f 1462 1401 1402
f 1462 1402 1460
f 1462 1459 1461
f 1463 1396 1397
f 1463 1397 1398
f 1463 1461 1396
f 1464 1461 1463
f 1464 1462 1461
f 1464 1401 1462
f 1464 1463 1398
f 1464 1398 1399
f 1464 1399 1400
f 1464 1400 1401
v 22.860000 -0.000000 162.026600
v 22.664430 -2.983829 162.026600
v 22.081064 -5.916603 162.026600
v 21.119886 -8.748143 162.026600
v 19.797341 -11.430000 162.026600
v 18.136057 -13.916286 162.026600
v 16.164461 -16.164461 162.026600
v 13.916286 -18.136057 162.026600
v 11.430000 -19.797341 162.026600
v 8.748143 -21.119886 162.026600
v 5.916603 -22.081064 162.026600
v 2.983829 -22.664430 162.026600
v 0.000000 -22.860000 162.026600
v -2.983829 -22.664430 162.026600
v -5.916603 -22.081064 162.026600
v -8.748143 -21.119886 162.026600
v -11.430000 -19.797341 162.026600
v -13.916286 -18.136057 162.026600
v -16.164461 -16.164461 162.026600
v -18.136057 -13.916286 162.026600
v -19.797341 -11.430000 162.026600
v -21.119886 -8.748143 162.026600
v -22.081064 -5.916603 162.026600
v -22.664430 -2.983829 162.026600
v -22.860000 -0.000000 162.026600
v -22.664430 2.983829 162.026600
v -22.081064 5.916603 162.026600
v -21.119886 8.748143 162.026600
v -19.797341 11.430000 162.026600
v -18.136057 13.916286 162.026600
v -16.164461 16.164461 162.026600
v -13.916286 18.136057 162.026600
v -11.430000 19.797341 162.026600
v -8.748143 21.119886 162.026600
v -5.916603 22.081064 162.026600
v -2.983829 22.664430 162.026600
v 0.000000 22.860000 162.026600
v 2.983829 22.664430 162.026600
v 5.916603 22.081064 162.026600
v 8.748143 21.119886 162.026600
v 11.430000 19.797341 162.026600
v 13.916286 18.136057 162.026600
v 16.164461 16.164461 162.026600
v 18.136057 13.916286 162.026600
v 19.797341 11.430000 162.026600
v 21.119886 8.748143 162.026600
v 22.081064 5.916603 162.026600
v 22.664430 2.983829 162.026600
v 0.000000 21.829830 162.026600
v -2.849365 21.643072 162.026600
v -5.649976 21.085996 162.026600
v -8.353914 20.168133 162.026600
v -10.914915 18.905187 162.026600
v -13.289158 17.318768 162.026600
v -15.436021 15.436021 162.026600
v -17.318768 13.289158 162.026600
v -18.905187 10.914915 162.026600
v -20.168133 8.353914 162.026600
v -21.085996 5.649976 162.026600
v -21.643072 2.849365 162.026600
v -21.829830 -0.000000 162.026600
v -21.643072 -2.849365 162.026600
v -21.085996 -5.649976 162.026600
v -20.168133 -8.353914 162.026600
v -18.905187 -10.914915 162.026600
v -17.318768 -13.289158 162.026600
v -15.436021 -15.436021 162.026600
v -13.289158 -17.318768 162.026600
v -10.914915 -18.905187 162.026600
v -8.353914 -20.168133 162.026600
v -5.649976 -21.085996 162.026600
v -2.849365 -21.643072 162.026600
v 0.000000 -21.829830 162.026600
v 2.849365 -21.643072 162.026600
v 5.649976 -21.085996 162.026600
v 8.353914 -20.168133 162.026600
v 10.914915 -18.905187 162.026600
v 13.289158 -17.318768 162.026600
v 15.436021 -15.436021 162.026600
v 17.318768 -13.289158 162.026600
v 18.905187 -10.914915 162.026600
v 20.168133 -8.353914 162.026600
v 21.085996 -5.649976 162.026600
v 21.643072 -2.849365 162.026600
v 21.829830 -0.000000 162.026600
v 21.643072 2.849365 162.026600
v 21.085996 5.649976 162.026600
v 20.168133 8.353914 162.026600
v 18.905187 10.914915 162.026600
v 17.318768 13.289158 162.026600
v 15.436021 15.436021 162.026600
v 13.289158 17.318768 162.026600
v 10.914915 18.905187 162.026600
v 8.353914 20.168133 162.026600
v 5.649976 21.085996 162.026600
v 2.849365 21.643072 162.026600
f 1543 1472 1471
f 1544 1543 1471
f 1544 1471 1470
f 1542 1473 1472
f 1542 1472 1543
f 1545 1470 1469
f 1545 1544 1470
f 1541 1474 1473
f 1541 1473 1542
f 1546 1469 1468
f 1546 1545 1469
f 1540 1474 1541
f 1475 1474 1540
f 1547 1468 1467
f 1547 1546 1468
f 1539 1475 1540
f 1476 1475 1539
f 1548 1467 1466
f 1548 1547 1467
f 1538 1476 1539
f 1477 1476 1538
f 1549 1466 1465
f 1549 1548 1466
f 1537 1477 1538
f 1478 1477 1537
f 1550 1549 1465
f 1550 1465 1512
f 1536 1478 1537
f 1479 1478 1536
f 1551 1512 1511
f 1551 1550 1512
f 1535 1479 1536
f 1480 1479 1535
f 1552 1511 1510
f 1552 1551 1511
f 1534 1480 1535
f 1481 1480 1534
f 1553 1510 1509
f 1553 1552 1510
f 1533 1481 1534
f 1482 1481 1533
f 1554 1509 1508
f 1554 1553 1509
f 1532 1482 1533
f 1483 1482 1532
f 1507 1554 1508
f 1507 1555 1554
f 1531 1483 1532
f 1484 1531 1530
f 1484 1483 1531
f 1506 1556 1555
f 1506 1555 1507
f 1485 1484 1530
f 1485 1530 1529
f 1505 1556 1506
f 1505 1557 1556
f 1486 1485 1529
f 1486 1529 1528
f 1504 1557 1505
f 1504 1558 1557
f 1559 1558 1504
f 1487 1486 1528
f 1487 1528 1527
f 1503 1559 1504
f 1560 1559 1503
f 1488 1487 1527
f 1488 1527 1526
f 1502 1560 1503
f 1513 1560 1502
f 1501 1513 1502
f 1489 1488 1526
f 1489 1526 1525
f 1524 1489 1525
f 1500 1513 1501
f 1500 1514 1513
f 1490 1489 1524
f 1499 1515 1514
f 1499 1514 1500
f 1491 1490 1524
f 1491 1524 1523
f 1516 1515 1499
f 1498 1516 1499
f 1492 1523 1522
f 1492 1491 1523
f 1497 1517 1516
f 1497 1518 1517
f 1497 1516 1498
f 1493 1521 1520
f 1493 1522 1521
f 1493 1492 1522
f 1496 1518 1497
f 1494 1520 1519
f 1494 1493 1520
f 1495 1519 1518
f 1495 1518 1496
f 1495 1494 1519
v 30.480000 -0.000000 154.406600
v 30.480000 -0.000000 139.031763
v -30.480000 -0.000000 154.406600
v -30.288348 -3.412677 154.406600
v -29.715803 -6.782438 154.406600
v -28.769564 -10.066906 154.406600
v -27.461531 -13.224776 154.406600
v -25.808154 -16.216338 154.406600
v -23.830224 -19.003969 154.406600
v -21.552615 -21.552615 154.406600
v -19.003969 -23.830224 154.406600
v -16.216338 -25.808154 154.406600
v -13.224776 -27.461531 154.406600
v -10.066906 -28.769564 154.406600
v -6.782438 -29.715803 154.406600
v -3.412677 -30.288348 154.406600
v -0.000000 -30.480000 154.406600
v 3.412677 -30.288348 154.406600
v 6.782438 -29.715803 154.406600
v 10.066906 -28.769564 154.406600
v 13.224776 -27.461531 154.406600
v 16.216338 -25.808154 154.406600
v 19.003969 -23.830224 154.406600
v 21.552615 -21.552615 154.406600
v 23.830224 -19.003969 154.406600
v 25.808154 -16.216338 154.406600
v 27.461531 -13.224776 154.406600
v 28.769564 -10.066906 154.406600
v 29.715803 -6.782438 154.406600
v 30.288348 -3.412677 154.406600
v -30.480000 -0.000000 139.031763
v -29.836961 -6.227855 142.079124
v -30.281011 -3.477175 140.898357
v -30.430277 -1.740295 140.017446
v -28.336754 -11.227589 147.461542
v -28.682389 -10.312181 147.157917
v -28.988498 -9.417930 146.606646
v -29.233059 -8.628585 145.901191
v -29.491192 -7.699725 144.774905
v -29.690440 -6.892520 143.472697
v -23.891754 -18.926555 147.461542
v -25.386781 -16.868366 147.778115
v -26.708199 -14.686814 147.842000
v -27.577841 -12.980489 147.722788
v -20.311961 -22.725639 142.079124
v -21.077798 -22.017144 144.085329
v -21.942696 -21.155041 145.683894
v -22.726087 -20.311435 146.686636
v -23.315854 -19.631518 147.187709
v -15.240000 -26.396454 139.031763
v -17.586801 -24.894474 140.558875
v -18.981276 -23.848303 141.374708
v -9.525000 -28.953493 142.079124
v -12.129184 -27.962713 140.898357
v -13.707999 -27.223540 140.017446
v -4.445000 -30.154144 147.461542
v -5.410584 -29.995768 147.157917
v -6.338082 -29.813741 146.606646
v -7.143956 -29.630865 145.901191
v -8.077439 -29.389984 144.774905
v -8.876122 -29.158936 143.472697
v 4.445000 -30.154144 147.461542
v 1.915043 -30.419780 147.778115
v -0.634946 -30.473386 147.842000
v -2.547487 -30.373355 147.722788
v 9.525000 -28.953493 142.079124
v 8.522993 -29.264030 144.094370
v 7.456071 -29.553912 145.564954
v 6.335451 -29.814296 146.608588
v 5.409079 -29.996123 147.158570
v 15.240000 -26.396454 139.031763
v 12.765846 -27.677853 140.558875
v 11.162598 -28.362419 141.374708
v 20.311961 -22.725639 142.079124
v 18.151828 -24.485538 140.898357
v 16.722278 -25.483246 140.017446
v 23.891754 -18.926555 147.461542
v 23.271805 -19.683587 147.157917
v 22.650416 -20.395811 146.606646
v 22.089103 -21.002280 145.901191
v 21.413753 -21.690259 144.774905
v 20.814318 -22.266415 143.472697
v 28.336754 -11.227589 147.461542
v 27.301824 -13.551414 147.778115
v 26.073253 -15.786572 147.842000
v 25.030354 -17.392866 147.722788
v 29.836961 -6.227855 142.079124
v 29.604890 -7.250886 144.094370
v 29.322474 -8.319809 145.564954
v 28.987663 -9.420487 146.608588
v 28.681944 -10.313662 147.158570
v 30.352647 -2.783379 140.558875
v 30.143874 -4.514116 141.374708
f 1652 1562 1561
f 1652 1561 1590
f 1653 1652 1590
f 1647 1653 1590
f 1647 1590 1589
f 1648 1647 1589
f 1649 1648 1589
f 1650 1649 1589
f 1650 1589 1588
f 1651 1650 1588
f 1643 1651 1588
f 1643 1588 1587
f 1644 1643 1587
f 1645 1587 1586
f 1645 1644 1587
f 1646 1586 1585
f 1646 1645 1586
f 1637 1646 1585
f 1638 1637 1585
f 1639 1585 1584
f 1639 1638 1585
f 1640 1639 1584
f 1641 1640 1584
f 1642 1584 1583
f 1642 1641 1584
f 1634 1642 1583
f 1635 1583 1582
f 1635 1634 1583
f 1636 1635 1582
f 1631 1582 1581
f 1631 1636 1582
f 1632 1631 1581
f 1633 1581 1580
f 1633 1632 1581
f 1626 1633 1580
f 1627 1626 1580
f 1628 1580 1579
f 1628 1627 1580
f 1629 1628 1579
f 1630 1579 1578
f 1630 1629 1579
f 1622 1630 1578
f 1623 1578 1577
f 1623 1622 1578
f 1624 1623 1577
f 1625 1577 1576
f 1625 1624 1577
f 1616 1625 1576
f 1617 1576 1575
f 1617 1616 1576
f 1618 1617 1575
f 1619 1618 1575
f 1620 1619 1575
f 1620 1575 1574
f 1621 1620 1574
f 1613 1621 1574
f 1614 1613 1574
f 1614 1574 1573
f 1615 1573 1572
f 1615 1614 1573
f 1610 1615 1572
f 1611 1572 1571
f 1611 1610 1572
f 1612 1611 1571
f 1605 1612 1571
f 1606 1571 1570
f 1606 1605 1571
f 1607 1606 1570
f 1608 1570 1569
f 1608 1607 1570
f 1609 1608 1569
f 1601 1609 1569
f 1602 1569 1568
f 1602 1601 1569
f 1603 1568 1567
f 1603 1602 1568
f 1604 1603 1567
f 1595 1567 1566
f 1595 1604 1567
f 1596 1595 1566
f 1597 1596 1566
f 1598 1566 1565
f 1598 1597 1566
f 1599 1598 1565
f 1600 1599 1565
f 1592 1565 1564
f 1592 1600 1565
f 1593 1592 1564
f 1594 1564 1563
f 1594 1593 1564
f 1591 1594 1563
v -22.190111 17.944110 145.119878
v -23.891754 18.926555 147.461542
v -21.084847 17.672603 143.805007
v -21.544906 17.865899 144.400159
v -21.857173 17.927374 144.763952
v -20.286532 16.845079 142.500328
v -20.593987 17.276028 143.069292
v -20.825252 17.494401 143.433228
v -17.703464 15.353744 138.945721
v -17.086692 16.682279 138.836531
v -16.728305 18.069861 138.514804
v -16.647478 19.442254 137.997753
v -16.848536 20.726029 137.313040
v -20.311961 22.725639 142.079124
v -23.271805 19.683587 147.157917
v -22.650416 20.395811 146.606646
v -22.089103 21.002280 145.901191
v -21.413753 21.690259 144.774905
v -20.814318 22.266415 143.472697
f 1666 1672 1667
f 1665 1671 1672
f 1665 1672 1666
f 1664 1670 1671
f 1664 1671 1665
f 1658 1655 1668
f 1658 1668 1657
f 1654 1655 1658
f 1656 1668 1669
f 1656 1657 1668
f 1663 1661 1656
f 1663 1669 1670
f 1663 1670 1664
f 1663 1656 1669
f 1660 1661 1663
f 1662 1659 1660
f 1662 1660 1663
v -20.311961 22.725639 142.079124
v -16.848536 20.726029 137.313040
v -26.373536 4.228245 137.313040
v -29.836961 6.227855 142.079124
v -30.480000 -0.000000 139.031763
v -30.352647 2.783379 140.558875
v -30.143874 4.514116 141.374708
v -22.939674 -0.000000 131.249476
v -11.469837 19.866340 131.249476
v -15.240000 26.396454 139.031763
v -18.151828 24.485538 140.898357
v -16.722278 25.483246 140.017446
f 1674 1673 1683
f 1674 1683 1684
f 1674 1684 1682
f 1675 1677 1678
f 1675 1678 1679
f 1675 1679 1676
f 1681 1674 1682
f 1680 1675 1674
f 1680 1677 1675
f 1680 1674 1681
v -9.525000 24.954275 137.313040
v -9.525000 28.953493 142.079124
v -8.513746 24.138266 137.997753
v -7.284806 23.522068 138.514804
v -5.903931 23.138649 138.836531
v -4.445000 23.008522 138.945721
v -4.445000 25.991191 142.500328
v -4.762500 27.096307 143.804998
v -4.699764 26.595980 143.213886
v -4.596889 26.290044 142.854158
v -4.445000 28.189255 145.119878
v -4.664494 27.712662 144.546747
v -4.737977 27.408026 144.178822
v -4.445000 30.154144 147.461542
v -8.528507 29.262480 144.085329
v -7.349455 29.580452 145.683894
v -6.227175 29.837086 146.686636
v -5.343466 30.007881 147.187709
f 1687 1685 1686
f 1699 1688 1687
f 1699 1687 1686
f 1700 1688 1699
f 1701 1689 1688
f 1701 1688 1700
f 1694 1690 1689
f 1694 1689 1693
f 1691 1690 1694
f 1692 1689 1701
f 1692 1693 1689
f 1702 1696 1697
f 1702 1697 1692
f 1702 1692 1701
f 1698 1695 1696
f 1698 1696 1702
v -4.445000 28.189255 145.119878
v -4.445000 30.154144 147.461542
v 4.445000 28.189255 145.119878
v 3.909225 28.838720 145.893880
v 3.148021 29.387357 146.547720
v 2.205284 29.803527 147.043693
v 1.135378 30.063234 147.353199
v 0.000000 30.151499 147.458390
v -1.135378 30.063234 147.353199
v -2.205284 29.803527 147.043693
v -3.148021 29.387357 146.547720
v -3.909225 28.838720 145.893880
v 4.445000 30.154144 147.461542
v -1.915043 30.419780 147.778115
v 0.634946 30.473386 147.842000
v 2.547487 30.373355 147.722788
f 1707 1718 1715
f 1706 1707 1715
f 1708 1718 1707
f 1705 1706 1715
f 1709 1717 1718
f 1709 1718 1708
f 1710 1717 1709
f 1716 1710 1711
f 1716 1717 1710
f 1712 1716 1711
f 1704 1712 1713
f 1704 1716 1712
f 1714 1704 1713
f 1703 1704 1714
v 4.445000 28.189255 145.119878
v 4.445000 30.154144 147.461542
v 4.762500 27.096315 143.805007
v 4.699870 27.591385 144.400159
v 4.596975 27.892554 144.763952
v 4.445000 25.991191 142.500328
v 4.664486 26.472930 143.069292
v 4.737970 26.782398 143.433228
v 4.445000 23.008522 138.945721
v 5.903931 23.138649 138.836531
v 7.284806 23.522068 138.514804
v 8.513746 24.138266 137.997753
v 9.525000 24.954275 137.313040
v 9.525000 28.953493 142.079124
v 5.410584 29.995768 147.157917
v 6.338082 29.813741 146.606646
v 7.143956 29.630865 145.901191
v 8.077439 29.389984 144.774905
v 8.876122 29.158936 143.472697
f 1731 1737 1732
f 1730 1736 1737
f 1730 1737 1731
f 1729 1735 1736
f 1729 1736 1730
f 1723 1720 1733
f 1723 1733 1722
f 1719 1720 1723
f 1721 1733 1734
f 1721 1722 1733
f 1728 1726 1721
f 1728 1734 1735
f 1728 1735 1729
f 1728 1721 1734
f 1725 1726 1728
f 1727 1724 1725
f 1727 1725 1728
v -15.240000 26.396454 139.031763
v -11.469837 19.866340 131.249476
v 11.469837 19.866340 131.249476
v 15.240000 26.396454 139.031763
v 9.525000 28.953493 142.079124
v 12.129184 27.962713 140.898357
v 13.707999 27.223540 140.017446
v 9.525000 24.954275 137.313040
v -9.525000 24.954275 137.313040
v -9.525000 28.953493 142.079124
v -12.765846 27.677853 140.558875
v -11.162598 28.362419 141.374708
f 1745 1742 1743
f 1745 1743 1744
f 1745 1744 1741
f 1740 1745 1741
f 1746 1748 1749
f 1746 1749 1747
f 1746 1745 1740
f 1738 1748 1746
f 1739 1746 1740
f 1739 1738 1746
v 16.848536 20.726029 137.313040
v 20.311961 22.725639 142.079124
v 16.647478 19.442254 137.997753
v 16.728305 18.069861 138.514804
v 17.086692 16.682279 138.836531
v 17.703464 15.353744 138.945721
v 20.286532 16.845079 142.500328
v 21.084840 17.672600 143.804998
v 20.682913 17.368105 143.213886
v 20.469402 17.126045 142.854158
v 22.190111 17.944110 145.119878
v 21.667623 17.895901 144.546747
v 21.367058 17.807221 144.178822
v 23.891754 18.926555 147.461542
v 21.081897 22.013143 144.094370
v 21.866403 21.234102 145.564954
v 22.652213 20.393809 146.608588
v 23.272865 19.682461 147.158570
f 1752 1750 1751
f 1764 1753 1752
f 1764 1752 1751
f 1765 1753 1764
f 1766 1754 1753
f 1766 1753 1765
f 1759 1755 1754
f 1759 1754 1758
f 1756 1755 1759
f 1757 1754 1766
f 1757 1758 1754
f 1767 1762 1757
f 1767 1757 1766
f 1761 1762 1767
f 1763 1760 1761
f 1763 1761 1767
v 22.190111 17.944110 145.119878
v 23.891754 18.926555 147.461542
v 26.635111 10.245144 145.119878
v 26.929676 11.033872 145.893880
v 27.024208 11.967412 146.547720
v 26.913254 12.991931 147.043693
v 26.603213 14.048350 147.353199
v 26.111964 15.075749 147.458390
v 25.467835 16.014883 147.353199
v 24.707970 16.811596 147.043693
v 23.876187 17.419944 146.547720
v 23.020452 17.804848 145.893880
v 28.336754 11.227589 147.461542
v 25.386781 16.868366 147.778115
v 26.708199 14.686814 147.842000
v 27.577841 12.980489 147.722788
f 1772 1783 1780
f 1771 1772 1780
f 1773 1783 1772
f 1770 1771 1780
f 1774 1782 1783
f 1774 1783 1773
f 1775 1782 1774
f 1781 1775 1776
f 1781 1782 1775
f 1777 1781 1776
f 1769 1777 1778
f 1769 1781 1777
f 1779 1769 1778
f 1768 1769 1779
v 26.635111 10.245144 145.119878
v 28.336754 11.227589 147.461542
v 25.847347 9.423711 143.805007
v 26.244775 9.725486 144.400159
v 26.454148 9.965180 144.763952
v 24.731532 9.146113 142.500328
v 25.258473 9.196902 143.069292
v 25.563222 9.287996 143.433228
v 22.148464 7.654778 138.945721
v 22.990623 6.456370 138.836531
v 24.013112 5.452207 138.514804
v 25.161225 4.696012 137.997753
v 26.373536 4.228245 137.313040
v 29.836961 6.227855 142.079124
v 28.682381 10.312204 147.157928
v 28.988896 9.416574 146.605581
v 29.233319 8.627210 145.899675
v 29.488841 7.708704 144.787525
v 29.687659 6.904495 143.494737
f 1796 1802 1797
f 1795 1801 1802
f 1795 1802 1796
f 1794 1800 1801
f 1794 1801 1795
f 1788 1785 1798
f 1788 1798 1787
f 1784 1785 1788
f 1786 1798 1799
f 1786 1787 1798
f 1793 1791 1786
f 1793 1799 1800
f 1793 1800 1794
f 1793 1786 1799
f 1790 1791 1793
f 1792 1789 1790
f 1792 1790 1793
v 15.240000 26.396454 139.031763
v 11.469837 19.866340 131.249476
v 22.939674 -0.000000 131.249476
v 30.480000 -0.000000 139.031763
v 29.836961 6.227855 142.079124
v 30.281011 3.477175 140.898357
v 30.430277 1.740295 140.017446
v 26.373536 4.228245 137.313040
v 16.848536 20.726029 137.313040
v 20.311961 22.725639 142.079124
v 17.586801 24.894474 140.558875
v 18.981276 23.848303 141.374708
f 1810 1807 1808
f 1810 1808 1809
f 1810 1809 1806
f 1805 1810 1806
f 1811 1813 1814
f 1811 1814 1812
f 1811 1810 1805
f 1803 1813 1811
f 1804 1811 1805
f 1804 1803 1811
v 29.836961 -6.227855 142.079124
v 26.373536 -4.228245 137.313040
v 25.161225 -4.696012 137.997753
v 24.013112 -5.452207 138.514804
v 22.990623 -6.456370 138.836531
v 22.148464 -7.654778 138.945721
v 24.731532 -9.146113 142.500328
v 25.847340 -9.423708 143.804998
v 25.382677 -9.227875 143.213886
v 25.066291 -9.164000 142.854158
v 26.635111 -10.245144 145.119878
v 26.332116 -9.816761 144.546747
v 26.105035 -9.600805 144.178822
v 28.336754 -11.227589 147.461542
v 29.604890 -7.250886 144.094370
v 29.322474 -8.319809 145.564954
v 28.987663 -9.420487 146.608588
v 28.681944 -10.313662 147.158570
f 1817 1816 1815
f 1829 1818 1817
f 1829 1817 1815
f 1830 1818 1829
f 1831 1819 1818
f 1831 1818 1830
f 1824 1820 1819
f 1824 1819 1823
f 1821 1820 1824
f 1822 1819 1831
f 1822 1823 1819
f 1832 1827 1822
f 1832 1822 1831
f 1826 1827 1832
f 1828 1825 1826
f 1828 1826 1832
v 30.480000 -0.000000 139.031763
v 22.939674 -0.000000 131.249476
v 11.469837 -19.866340 131.249476
v 15.240000 -26.396454 139.031763
v 20.311961 -22.725639 142.079124
v 18.151828 -24.485538 140.898357
v 16.722278 -25.483246 140.017446
v 16.848536 -20.726029 137.313040
v 26.373536 -4.228245 137.313040
v 29.836961 -6.227855 142.079124
v 30.352647 -2.783379 140.558875
v 30.143874 -4.514116 141.374708
f 1840 1837 1838
f 1840 1838 1839
f 1840 1839 1836
f 1835 1840 1836
f 1841 1843 1844
f 1841 1844 1842
f 1833 1843 1841
f 1834 1841 1840
f 1834 1840 1835
f 1834 1833 1841
v 28.336754 -11.227589 147.461542
v 26.635111 -10.245144 145.119878
v 26.929676 -11.033872 145.893880
v 27.024208 -11.967412 146.547720
v 26.913254 -12.991931 147.043693
v 26.603213 -14.048350 147.353199
v 26.111964 -15.075749 147.458390
v 25.467835 -16.014883 147.353199
v 24.707970 -16.811596 147.043693
v 23.876187 -17.419944 146.547720
v 23.020452 -17.804848 145.893880
v 22.190111 -17.944110 145.119878
v 23.891754 -18.926555 147.461542
v 27.301824 -13.551414 147.778115
v 26.073253 -15.786572 147.842000
v 25.030354 -17.392866 147.722788
f 1854 1860 1857
f 1855 1854 1857
f 1853 1860 1854
f 1856 1855 1857
f 1852 1859 1860
f 1852 1860 1853
f 1851 1859 1852
f 1858 1851 1850
f 1858 1859 1851
f 1849 1858 1850
f 1845 1849 1848
f 1845 1858 1849
f 1847 1845 1848
f 1846 1845 1847
v 9.525000 -24.954275 137.313040
v 9.525000 -28.953493 142.079124
v 8.513746 -24.138266 137.997753
v 7.284806 -23.522068 138.514804
v 5.903931 -23.138649 138.836531
v 4.445000 -23.008522 138.945721
v 4.445000 -25.991191 142.500328
v 4.762500 -27.096307 143.804998
v 4.699764 -26.595980 143.213886
v 4.596889 -26.290044 142.854158
v 4.445000 -28.189255 145.119878
v 4.664494 -27.712662 144.546747
v 4.737977 -27.408026 144.178822
v 4.445000 -30.154144 147.461542
v 8.522993 -29.264030 144.094370
v 7.456071 -29.553912 145.564954
v 6.335451 -29.814296 146.608588
v 5.409079 -29.996123 147.158570
f 1863 1861 1862
f 1875 1864 1863
f 1875 1863 1862
f 1876 1864 1875
f 1877 1865 1864
f 1877 1864 1876
f 1870 1866 1865
f 1870 1865 1869
f 1867 1866 1870
f 1868 1865 1877
f 1868 1869 1865
f 1878 1873 1868
f 1878 1868 1877
f 1872 1873 1878
f 1874 1871 1872
f 1874 1872 1878
v 4.445000 -28.189255 145.119878
v 4.445000 -30.154144 147.461542
v -4.445000 -28.189255 145.119878
v -3.909225 -28.838720 145.893880
v -3.148021 -29.387357 146.547720
v -2.205284 -29.803527 147.043693
v -1.135378 -30.063234 147.353199
v -0.000000 -30.151499 147.458390
v 1.135378 -30.063234 147.353199
v 2.205284 -29.803527 147.043693
v 3.148021 -29.387357 146.547720
v 3.909225 -28.838720 145.893880
v -4.445000 -30.154144 147.461542
v 1.915043 -30.419780 147.778115
v -0.634946 -30.473386 147.842000
v -2.547487 -30.373355 147.722788
f 1883 1894 1891
f 1882 1883 1891
f 1884 1894 1883
f 1881 1882 1891
f 1885 1893 1894
f 1885 1894 1884
f 1886 1893 1885
f 1892 1886 1887
f 1892 1893 1886
f 1888 1892 1887
f 1880 1888 1889
f 1880 1892 1888
f 1890 1880 1889
f 1879 1880 1890
v -9.525000 -24.954275 137.313040
v 9.525000 -24.954275 137.313040
v -4.445000 -23.008522 138.945721
v -5.903931 -23.138649 138.836531
v -7.284806 -23.522068 138.514804
v -8.513746 -24.138266 137.997753
v 4.445000 -23.008522 138.945721
v 8.513746 -24.138266 137.997753
v 7.284806 -23.522068 138.514804
v 5.903931 -23.138649 138.836531
f 1903 1896 1902
f 1901 1903 1904
f 1901 1896 1903
f 1897 1896 1901
f 1899 1897 1898
f 1895 1896 1897
f 1900 1897 1899
f 1900 1895 1897
v -4.445000 -23.008522 138.945721
v 4.445000 -23.008522 138.945721
v -4.445000 -25.991191 142.500328
v 4.445000 -25.991191 142.500328
v 3.909225 -25.341726 141.726326
v 3.148021 -24.793089 141.072486
v 2.205284 -24.376919 140.576513
v 1.135378 -24.117212 140.267007
v 0.000000 -24.028947 140.161816
v -1.135378 -24.117212 140.267007
v -2.205284 -24.376919 140.576513
v -3.148021 -24.793089 141.072486
v -3.909225 -25.341726 141.726326
f 1905 1916 1917
f 1905 1917 1907
f 1915 1916 1905
f 1914 1915 1905
f 1913 1914 1905
f 1906 1908 1909
f 1906 1909 1910
f 1906 1910 1911
f 1906 1911 1912
f 1906 1912 1913
f 1906 1913 1905
v -4.445000 -28.189255 145.119878
v -4.445000 -30.154144 147.461542
v -4.762500 -27.096315 143.805007
v -4.699870 -27.591385 144.400159
v -4.596975 -27.892554 144.763952
v -4.445000 -25.991191 142.500328
v -4.664486 -26.472930 143.069292
v -4.737970 -26.782398 143.433228
v -4.445000 -23.008522 138.945721
v -5.903931 -23.138649 138.836531
v -7.284806 -23.522068 138.514804
v -8.513746 -24.138266 137.997753
v -9.525000 -24.954275 137.313040
v -9.525000 -28.953493 142.079124
v -5.410584 -29.995768 147.157917
v -6.338082 -29.813741 146.606646
v -7.143956 -29.630865 145.901191
v -8.077439 -29.389984 144.774905
v -8.876122 -29.158936 143.472697
f 1930 1936 1931
f 1929 1935 1936
f 1929 1936 1930
f 1928 1934 1935
f 1928 1935 1929
f 1922 1919 1932
f 1922 1932 1921
f 1918 1919 1922
f 1920 1932 1933
f 1920 1921 1932
f 1927 1925 1920
f 1927 1933 1934
f 1927 1934 1928
f 1927 1920 1933
f 1924 1925 1927
f 1926 1923 1924
f 1926 1924 1927
v -9.525000 -28.953493 142.079124
v -9.525000 -24.954275 137.313040
v 9.525000 -24.954275 137.313040
v 9.525000 -28.953493 142.079124
v 15.240000 -26.396454 139.031763
v 12.765846 -27.677853 140.558875
v 11.162598 -28.362419 141.374708
v 11.469837 -19.866340 131.249476
v -11.469837 -19.866340 131.249476
v -15.240000 -26.396454 139.031763
v -12.129184 -27.962713 140.898357
v -13.707999 -27.223540 140.017446
f 1938 1937 1947
f 1938 1947 1948
f 1938 1948 1946
f 1945 1938 1946
f 1939 1942 1943
f 1939 1943 1940
f 1939 1938 1945
f 1941 1942 1939
f 1944 1939 1945
f 1944 1941 1939
v -4.762500 -14.894036 154.043919
v -4.762500 -27.096315 143.805007
v 4.762500 -14.894036 154.043919
v 4.624110 -14.161424 153.170827
v 4.216984 -13.471390 152.348476
v 3.564782 -12.864034 151.624658
v 2.705408 -12.374655 151.041438
v 1.688806 -12.031693 150.632712
v 0.574056 -11.855080 150.422233
v -0.574056 -11.855080 150.422233
v -1.688806 -12.031693 150.632712
v -2.705408 -12.374655 151.041438
v -3.564782 -12.864034 151.624658
v -4.216984 -13.471390 152.348476
v -4.624110 -14.161424 153.170827
v 4.762500 -27.096307 143.804998
v 4.699764 -26.595980 143.213886
v 4.596889 -26.290044 142.854158
v 4.445000 -25.991191 142.500328
v 3.909225 -25.341726 141.726326
v 3.148021 -24.793089 141.072486
v 2.205284 -24.376919 140.576513
v 1.135378 -24.117212 140.267007
v 0.000000 -24.028947 140.161816
v -1.135378 -24.117212 140.267007
v -2.205284 -24.376919 140.576513
v -3.148021 -24.793089 141.072486
v -3.909225 -25.341726 141.726326
v -4.445000 -25.991191 142.500328
v -4.664486 -26.472930 143.069292
v -4.737970 -26.782398 143.433228
f 1979 1949 1950
f 1979 1963 1949
f 1978 1963 1979
f 1977 1962 1963
f 1977 1963 1978
f 1976 1961 1962
f 1976 1962 1977
f 1975 1960 1961
f 1975 1961 1976
f 1974 1959 1960
f 1974 1960 1975
f 1973 1958 1959
f 1973 1959 1974
f 1972 1957 1958
f 1972 1958 1973
f 1971 1956 1957
f 1971 1957 1972
f 1970 1955 1956
f 1970 1956 1971
f 1969 1954 1955
f 1969 1955 1970
f 1968 1953 1954
f 1968 1954 1969
f 1967 1952 1953
f 1967 1953 1968
f 1966 1952 1967
f 1965 1951 1952
f 1965 1952 1966
f 1964 1951 1965
v -16.848536 -20.726029 137.313040
v -20.311961 -22.725639 142.079124
v -16.647478 -19.442254 137.997753
v -16.728305 -18.069861 138.514804
v -17.086692 -16.682279 138.836531
v -17.703464 -15.353744 138.945721
v -20.286532 -16.845079 142.500328
v -21.084840 -17.672600 143.804998
v -20.682913 -17.368105 143.213886
v -20.469402 -17.126045 142.854158
v -22.190111 -17.944110 145.119878
v -21.667623 -17.895901 144.546747
v -21.367058 -17.807221 144.178822
v -23.891754 -18.926555 147.461542
v -21.077798 -22.017144 144.085329
v -21.942696 -21.155041 145.683894
v -22.726087 -20.311435 146.686636
v -23.315854 -19.631518 147.187709
f 1982 1980 1981
f 1994 1983 1982
f 1994 1982 1981
f 1995 1983 1994
f 1996 1984 1983
f 1996 1983 1995
f 1989 1985 1984
f 1989 1984 1988
f 1986 1985 1989
f 1987 1984 1996
f 1987 1988 1984
f 1997 1991 1992
f 1997 1992 1987
f 1997 1987 1996
f 1993 1990 1991
f 1993 1991 1997
v -22.190111 -17.944110 145.119878
v -23.891754 -18.926555 147.461542
v -26.635111 -10.245144 145.119878
v -26.929676 -11.033872 145.893880
v -27.024208 -11.967412 146.547720
v -26.913254 -12.991931 147.043693
v -26.603213 -14.048350 147.353199
v -26.111964 -15.075749 147.458390
v -25.467835 -16.014883 147.353199
v -24.707970 -16.811596 147.043693
v -23.876187 -17.419944 146.547720
v -23.020452 -17.804848 145.893880
v -28.336754 -11.227589 147.461542
v -25.386781 -16.868366 147.778115
v -26.708199 -14.686814 147.842000
v -27.577841 -12.980489 147.722788
f 2001 2010 2000
f 2002 2010 2001
f 2013 2010 2002
f 2003 2013 2002
f 2004 2013 2003
f 2012 2013 2004
f 2005 2012 2004
f 2011 2005 2006
f 2011 2012 2005
f 2007 2011 2006
f 1999 2007 2008
f 1999 2008 2009
f 1999 2011 2007
f 1998 1999 2009
v -26.373536 -4.228245 137.313040
v -16.848536 -20.726029 137.313040
v -22.148464 -7.654778 138.945721
v -22.990623 -6.456370 138.836531
v -24.013112 -5.452207 138.514804
v -25.161225 -4.696012 137.997753
v -17.703464 -15.353744 138.945721
v -16.647478 -19.442254 137.997753
v -16.728305 -18.069861 138.514804
v -17.086692 -16.682279 138.836531
f 2018 2016 2017
f 2019 2016 2018
f 2014 2016 2019
f 2015 2021 2022
f 2015 2022 2023
f 2015 2023 2020
f 2015 2016 2014
f 2015 2020 2016
v -22.148464 -7.654778 138.945721
v -17.703464 -15.353744 138.945721
v -24.731532 -9.146113 142.500328
v -20.286532 -16.845079 142.500328
v -19.991966 -16.056351 141.726326
v -19.897435 -15.122811 141.072486
v -20.008389 -14.098291 140.576513
v -20.318429 -13.041873 140.267007
v -20.809678 -12.014473 140.161816
v -21.453808 -11.075340 140.267007
v -22.213673 -10.278627 140.576513
v -23.045456 -9.670279 141.072486
v -23.901191 -9.285375 141.726326
f 2036 2026 2024
f 2035 2036 2024
f 2034 2035 2024
f 2033 2034 2024
f 2032 2033 2024
f 2025 2027 2028
f 2025 2028 2029
f 2025 2029 2030
f 2025 2030 2031
f 2025 2031 2032
f 2025 2032 2024
v -26.635111 -10.245144 145.119878
v -28.336754 -11.227589 147.461542
v -25.847347 -9.423711 143.805007
v -26.244775 -9.725486 144.400159
v -26.454148 -9.965180 144.763952
v -24.731532 -9.146113 142.500328
v -25.258473 -9.196902 143.069292
v -25.563222 -9.287996 143.433228
v -22.148464 -7.654778 138.945721
v -22.990623 -6.456370 138.836531
v -24.013112 -5.452207 138.514804
v -25.161225 -4.696012 137.997753
v -26.373536 -4.228245 137.313040
v -29.836961 -6.227855 142.079124
v -28.682389 -10.312181 147.157917
v -28.988498 -9.417930 146.606646
v -29.233059 -8.628585 145.901191
v -29.491192 -7.699725 144.774905
v -29.690440 -6.892520 143.472697
f 2049 2055 2050
f 2048 2054 2055
f 2048 2055 2049
f 2047 2053 2054
f 2047 2054 2048
f 2041 2038 2051
f 2041 2051 2040
f 2037 2038 2041
f 2039 2051 2052
f 2039 2040 2051
f 2046 2044 2039
f 2046 2052 2053
f 2046 2053 2047
f 2046 2039 2052
f 2043 2044 2046
f 2045 2042 2043
f 2045 2043 2046
v -29.836961 -6.227855 142.079124
v -26.373536 -4.228245 137.313040
v -16.848536 -20.726029 137.313040
v -20.311961 -22.725639 142.079124
v -15.240000 -26.396454 139.031763
v -17.586801 -24.894474 140.558875
v -18.981276 -23.848303 141.374708
v -11.469837 -19.866340 131.249476
v -22.939674 -0.000000 131.249476
v -30.480000 -0.000000 139.031763
v -30.281011 -3.477175 140.898357
v -30.430277 -1.740295 140.017446
f 2057 2065 2064
f 2057 2056 2066
f 2057 2066 2067
f 2057 2067 2065
f 2058 2057 2064
f 2062 2059 2058
f 2063 2058 2064
f 2061 2062 2058
f 2060 2058 2063
f 2060 2061 2058
v -15.279863 -3.322572 154.043919
v -25.847347 -9.423711 143.805007
v -10.517363 -11.571464 154.043919
v -9.952098 -11.085309 153.170827
v -9.558074 -10.387710 152.348476
v -9.358189 -9.519209 151.624658
v -9.364061 -8.530280 151.041438
v -9.575349 -7.478395 150.632712
v -9.979772 -6.424687 150.422233
v -10.553828 -5.430393 150.422233
v -11.264154 -4.553298 150.632712
v -12.069470 -3.844375 151.041438
v -12.922972 -3.344825 151.624658
v -13.775058 -3.083679 152.348476
v -14.576208 -3.076115 153.170827
v -21.084840 -17.672600 143.804998
v -20.682913 -17.368105 143.213886
v -20.469402 -17.126045 142.854158
v -20.286532 -16.845079 142.500328
v -19.991966 -16.056351 141.726326
v -19.897435 -15.122811 141.072486
v -20.008389 -14.098291 140.576513
v -20.318429 -13.041873 140.267007
v -20.809678 -12.014473 140.161816
v -21.453808 -11.075340 140.267007
v -22.213673 -10.278627 140.576513
v -23.045456 -9.670279 141.072486
v -23.901191 -9.285375 141.726326
v -24.731532 -9.146113 142.500328
v -25.258473 -9.196902 143.069292
v -25.563222 -9.287996 143.433228
f 2098 2068 2069
f 2098 2082 2068
f 2097 2082 2098
f 2096 2081 2082
f 2096 2082 2097
f 2095 2080 2081
f 2095 2081 2096
f 2094 2079 2080
f 2094 2080 2095
f 2093 2078 2079
f 2093 2079 2094
f 2092 2077 2078
f 2092 2078 2093
f 2091 2076 2077
f 2091 2077 2092
f 2090 2075 2076
f 2090 2076 2091
f 2089 2074 2075
f 2089 2075 2090
f 2088 2073 2074
f 2088 2074 2089
f 2087 2072 2073
f 2087 2073 2088
f 2086 2071 2072
f 2086 2072 2087
f 2085 2071 2086
f 2084 2070 2071
f 2084 2071 2085
f 2083 2070 2084
v -26.373536 4.228245 137.313040
v -29.836961 6.227855 142.079124
v -25.161225 4.696012 137.997753
v -24.013112 5.452207 138.514804
v -22.990623 6.456370 138.836531
v -22.148464 7.654778 138.945721
v -24.731532 9.146113 142.500328
v -25.847340 9.423708 143.804998
v -25.382677 9.227875 143.213886
v -25.066291 9.164000 142.854158
v -26.635111 10.245144 145.119878
v -26.332116 9.816761 144.546747
v -26.105035 9.600805 144.178822
v -28.336754 11.227589 147.461542
v -29.604890 7.250886 144.094370
v -29.322474 8.319809 145.564954
v -28.987663 9.420487 146.608588
v -28.681944 10.313662 147.158570
f 2101 2099 2100
f 2113 2102 2101
f 2113 2101 2100
f 2114 2102 2113
f 2115 2103 2102
f 2115 2102 2114
f 2108 2104 2103
f 2108 2103 2107
f 2105 2104 2108
f 2106 2103 2115
f 2106 2107 2103
f 2116 2111 2106
f 2116 2106 2115
f 2110 2111 2116
f 2112 2109 2110
f 2112 2110 2116
v -26.635111 10.245144 145.119878
v -28.336754 11.227589 147.461542
v -22.190111 17.944110 145.119878
v -23.020452 17.804848 145.893880
v -23.876187 17.419944 146.547720
v -24.707970 16.811596 147.043693
v -25.467835 16.014883 147.353199
v -26.111964 15.075749 147.458390
v -26.603213 14.048350 147.353199
v -26.913254 12.991931 147.043693
v -27.024208 11.967412 146.547720
v -26.929676 11.033872 145.893880
v -23.891754 18.926555 147.461542
v -27.301824 13.551414 147.778115
v -26.073253 15.786572 147.842000
v -25.030354 17.392866 147.722788
f 2124 2130 2131
f 2123 2131 2132
f 2123 2124 2131
f 2125 2130 2124
f 2122 2123 2132
f 2126 2118 2130
f 2126 2130 2125
f 2121 2132 2129
f 2121 2122 2132
f 2127 2118 2126
f 2120 2121 2129
f 2128 2118 2127
f 2119 2120 2129
f 2117 2118 2128
v -16.848536 20.726029 137.313040
v -26.373536 4.228245 137.313040
v -17.703464 15.353744 138.945721
v -17.086692 16.682279 138.836531
v -16.728305 18.069861 138.514804
v -16.647478 19.442254 137.997753
v -22.148464 7.654778 138.945721
v -25.161225 4.696012 137.997753
v -24.013112 5.452207 138.514804
v -22.990623 6.456370 138.836531
f 2135 2136 2137
f 2135 2137 2138
f 2135 2138 2133
f 2134 2140 2141
f 2134 2141 2142
f 2134 2142 2139
f 2134 2135 2133
f 2134 2139 2135
v -17.703464 15.353744 138.945721
v -22.148464 7.654778 138.945721
v -20.286532 16.845079 142.500328
v -24.731532 9.146113 142.500328
v -23.901191 9.285375 141.726326
v -23.045456 9.670279 141.072486
v -22.213673 10.278627 140.576513
v -21.453808 11.075340 140.267007
v -20.809678 12.014473 140.161816
v -20.318429 13.041873 140.267007
v -20.008389 14.098291 140.576513
v -19.897435 15.122811 141.072486
v -19.991966 16.056351 141.726326
f 2143 2151 2152
f 2143 2152 2153
f 2143 2153 2154
f 2143 2154 2155
f 2143 2155 2145
f 2144 2146 2147
f 2144 2147 2148
f 2144 2148 2149
f 2144 2149 2150
f 2144 2150 2151
f 2144 2151 2143
v -10.517363 11.571464 154.043919
v -21.084847 17.672603 143.805007
v -15.279863 3.322572 154.043919
v -14.576208 3.076115 153.170827
v -13.775058 3.083679 152.348476
v -12.922972 3.344825 151.624658
v -12.069470 3.844375 151.041438
v -11.264154 4.553298 150.632712
v -10.553828 5.430393 150.422233
v -9.979772 6.424687 150.422233
v -9.575349 7.478395 150.632712
v -9.364061 8.530280 151.041438
v -9.358189 9.519209 151.624658
v -9.558074 10.387710 152.348476
v -9.952098 11.085309 153.170827
v -25.847340 9.423708 143.804998
v -25.382677 9.227875 143.213886
v -25.066291 9.164000 142.854158
v -24.731532 9.146113 142.500328
v -23.901191 9.285375 141.726326
v -23.045456 9.670279 141.072486
v -22.213673 10.278627 140.576513
v -21.453808 11.075340 140.267007
v -20.809678 12.014473 140.161816
v -20.318429 13.041873 140.267007
v -20.008389 14.098291 140.576513
v -19.897435 15.122811 141.072486
v -19.991966 16.056351 141.726326
v -20.286532 16.845079 142.500328
v -20.593987 17.276028 143.069292
v -20.825252 17.494401 143.433228
f 2186 2156 2157
f 2186 2170 2156
f 2185 2170 2186
f 2184 2169 2170
f 2184 2170 2185
f 2183 2168 2169
f 2183 2169 2184
f 2182 2167 2168
f 2182 2168 2183
f 2181 2166 2167
f 2181 2167 2182
f 2180 2165 2166
f 2180 2166 2181
f 2179 2164 2165
f 2179 2165 2180
f 2178 2163 2164
f 2178 2164 2179
f 2177 2162 2163
f 2177 2163 2178
f 2176 2161 2162
f 2176 2162 2177
f 2175 2160 2161
f 2175 2161 2176
f 2174 2159 2160
f 2174 2160 2175
f 2173 2159 2174
f 2172 2158 2159
f 2172 2159 2173
f 2171 2158 2172
v 9.525000 24.954275 137.313040
v -9.525000 24.954275 137.313040
v 4.445000 23.008522 138.945721
v 5.903931 23.138649 138.836531
v 7.284806 23.522068 138.514804
v 8.513746 24.138266 137.997753
v -4.445000 23.008522 138.945721
v -8.513746 24.138266 137.997753
v -7.284806 23.522068 138.514804
v -5.903931 23.138649 138.836531
f 2189 2190 2191
f 2189 2191 2192
f 2189 2192 2187
f 2195 2196 2193
f 2194 2195 2193
f 2194 2193 2188
f 2188 2189 2187
f 2188 2193 2189
v 4.445000 23.008522 138.945721
v -4.445000 23.008522 138.945721
v 4.445000 25.991191 142.500328
v -4.445000 25.991191 142.500328
v -3.909225 25.341726 141.726326
v -3.148021 24.793089 141.072486
v -2.205284 24.376919 140.576513
v -1.135378 24.117212 140.267007
v 0.000000 24.028947 140.161816
v 1.135378 24.117212 140.267007
v 2.205284 24.376919 140.576513
v 3.148021 24.793089 141.072486
v 3.909225 25.341726 141.726326
f 2197 2208 2209
f 2197 2209 2199
f 2207 2208 2197
f 2206 2207 2197
f 2205 2206 2197
f 2198 2200 2201
f 2198 2201 2202
f 2198 2202 2203
f 2198 2203 2204
f 2198 2204 2205
f 2198 2205 2197
v 4.762500 14.894036 154.043919
v 4.762500 27.096315 143.805007
v -4.762500 14.894036 154.043919
v -4.624110 14.161424 153.170827
v -4.216984 13.471390 152.348476
v -3.564782 12.864034 151.624658
v -2.705408 12.374655 151.041438
v -1.688806 12.031693 150.632712
v -0.574056 11.855080 150.422233
v 0.574056 11.855080 150.422233
v 1.688806 12.031693 150.632712
v 2.705408 12.374655 151.041438
v 3.564782 12.864034 151.624658
v 4.216984 13.471390 152.348476
v 4.624110 14.161424 153.170827
v -4.762500 27.096307 143.804998
v -4.699764 26.595980 143.213886
v -4.596889 26.290044 142.854158
v -4.445000 25.991191 142.500328
v -3.909225 25.341726 141.726326
v -3.148021 24.793089 141.072486
v -2.205284 24.376919 140.576513
v -1.135378 24.117212 140.267007
v 0.000000 24.028947 140.161816
v 1.135378 24.117212 140.267007
v 2.205284 24.376919 140.576513
v 3.148021 24.793089 141.072486
v 3.909225 25.341726 141.726326
v 4.445000 25.991191 142.500328
v 4.664486 26.472930 143.069292
v 4.737970 26.782398 143.433228
f 2240 2210 2211
f 2240 2224 2210
f 2239 2224 2240
f 2238 2223 2224
f 2238 2224 2239
f 2237 2222 2223
f 2237 2223 2238
f 2236 2221 2222
f 2236 2222 2237
f 2235 2220 2221
f 2235 2221 2236
f 2234 2219 2220
f 2234 2220 2235
f 2233 2218 2219
f 2233 2219 2234
f 2232 2217 2218
f 2232 2218 2233
f 2231 2216 2217
f 2231 2217 2232
f 2230 2215 2216
f 2230 2216 2231
f 2229 2214 2215
f 2229 2215 2230
f 2228 2213 2214
f 2228 2214 2229
f 2227 2213 2228
f 2226 2212 2213
f 2226 2213 2227
f 2225 2212 2226
v 26.373536 4.228245 137.313040
v 16.848536 20.726029 137.313040
v 22.148464 7.654778 138.945721
v 22.990623 6.456370 138.836531
v 24.013112 5.452207 138.514804
v 25.161225 4.696012 137.997753
v 17.703464 15.353744 138.945721
v 16.647478 19.442254 137.997753
v 16.728305 18.069861 138.514804
v 17.086692 16.682279 138.836531
f 2243 2244 2245
f 2243 2245 2246
f 2243 2246 2241
f 2242 2247 2243
f 2242 2248 2249
f 2242 2249 2250
f 2242 2250 2247
f 2242 2243 2241
v 22.148464 7.654778 138.945721
v 17.703464 15.353744 138.945721
v 24.731532 9.146113 142.500328
v 20.286532 16.845079 142.500328
v 19.991966 16.056351 141.726326
v 19.897435 15.122811 141.072486
v 20.008389 14.098291 140.576513
v 20.318429 13.041873 140.267007
v 20.809678 12.014473 140.161816
v 21.453808 11.075340 140.267007
v 22.213673 10.278627 140.576513
v 23.045456 9.670279 141.072486
v 23.901191 9.285375 141.726326
f 2251 2262 2263
f 2251 2263 2253
f 2261 2262 2251
f 2260 2261 2251
f 2259 2260 2251
f 2252 2254 2255
f 2252 2255 2256
f 2252 2256 2257
f 2252 2257 2258
f 2252 2258 2259
f 2252 2259 2251
v 15.279863 3.322572 154.043919
v 25.847347 9.423711 143.805007
v 10.517363 11.571464 154.043919
v 9.952098 11.085309 153.170827
v 9.558074 10.387710 152.348476
v 9.358189 9.519209 151.624658
v 9.364061 8.530280 151.041438
v 9.575349 7.478395 150.632712
v 9.979772 6.424687 150.422233
v 10.553828 5.430393 150.422233
v 11.264154 4.553298 150.632712
v 12.069470 3.844375 151.041438
v 12.922972 3.344825 151.624658
v 13.775058 3.083679 152.348476
v 14.576208 3.076115 153.170827
v 21.084840 17.672600 143.804998
v 20.682913 17.368105 143.213886
v 20.469402 17.126045 142.854158
v 20.286532 16.845079 142.500328
v 19.991966 16.056351 141.726326
v 19.897435 15.122811 141.072486
v 20.008389 14.098291 140.576513
v 20.318429 13.041873 140.267007
v 20.809678 12.014473 140.161816
v 21.453808 11.075340 140.267007
v 22.213673 10.278627 140.576513
v 23.045456 9.670279 141.072486
v 23.901191 9.285375 141.726326
v 24.731532 9.146113 142.500328
v 25.258473 9.196902 143.069292
v 25.563222 9.287996 143.433228
f 2294 2264 2265
f 2294 2278 2264
f 2293 2278 2294
f 2292 2277 2278
f 2292 2278 2293
f 2291 2276 2277
f 2291 2277 2292
f 2290 2275 2276
f 2290 2276 2291
f 2289 2274 2275
f 2289 2275 2290
f 2288 2273 2274
f 2288 2274 2289
f 2287 2272 2273
f 2287 2273 2288
f 2286 2271 2272
f 2286 2272 2287
f 2285 2270 2271
f 2285 2271 2286
f 2284 2269 2270
f 2284 2270 2285
f 2283 2268 2269
f 2283 2269 2284
f 2282 2267 2268
f 2282 2268 2283
f 2281 2267 2282
f 2280 2266 2267
f 2280 2267 2281
f 2279 2266 2280
v 26.373536 -4.228245 137.313040
v 16.848536 -20.726029 137.313040
v 17.703464 -15.353744 138.945721
v 17.086692 -16.682279 138.836531
v 16.728305 -18.069861 138.514804
v 16.647478 -19.442254 137.997753
v 22.148464 -7.654778 138.945721
v 25.161225 -4.696012 137.997753
v 24.013112 -5.452207 138.514804
v 22.990623 -6.456370 138.836531
f 2297 2298 2299
f 2297 2299 2300
f 2297 2300 2296
f 2295 2297 2296
f 2301 2297 2295
f 2304 2301 2295
f 2303 2295 2302
f 2303 2304 2295
v 17.703464 -15.353744 138.945721
v 22.148464 -7.654778 138.945721
v 20.286532 -16.845079 142.500328
v 19.991966 -16.056351 141.726326
v 19.897435 -15.122811 141.072486
v 20.008389 -14.098291 140.576513
v 20.318429 -13.041873 140.267007
v 20.809678 -12.014473 140.161816
v 21.453808 -11.075340 140.267007
v 22.213673 -10.278627 140.576513
v 23.045456 -9.670279 141.072486
v 23.901191 -9.285375 141.726326
v 24.731532 -9.146113 142.500328
f 2305 2308 2307
f 2305 2309 2308
f 2310 2309 2305
f 2311 2310 2305
f 2312 2311 2305
f 2306 2313 2312
f 2306 2314 2313
f 2306 2315 2314
f 2306 2316 2315
f 2306 2317 2316
f 2306 2312 2305
v 22.190111 -17.944110 145.119878
v 23.891754 -18.926555 147.461542
v 21.667181 -17.894527 144.548182
v 21.364714 -17.805435 144.178916
v 21.084847 -17.672603 143.805007
v 20.718375 -17.401142 143.269571
v 20.443345 -17.090376 142.806433
v 20.286532 -16.845079 142.500328
v 17.703464 -15.353744 138.945721
v 17.086692 -16.682279 138.836531
v 16.728305 -18.069861 138.514804
v 16.647478 -19.442254 137.997753
v 16.848536 -20.726029 137.313040
v 20.311961 -22.725639 142.079124
v 23.271805 -19.683587 147.157917
v 22.650416 -20.395811 146.606646
v 22.089103 -21.002280 145.901191
v 21.413753 -21.690259 144.774905
v 20.814318 -22.266415 143.472697
f 2330 2336 2331
f 2329 2335 2336
f 2329 2336 2330
f 2328 2334 2335
f 2328 2335 2329
f 2320 2319 2332
f 2321 2320 2332
f 2318 2319 2320
f 2322 2332 2333
f 2322 2321 2332
f 2327 2333 2334
f 2327 2334 2328
f 2327 2322 2333
f 2323 2322 2327
f 2324 2323 2327
f 2326 2325 2324
f 2326 2324 2327
v -6.137851 7.772766 152.048558
v -5.932716 8.879714 152.964716
v -5.952753 9.623906 153.729581
v -6.141384 10.302287 154.536539
v -6.538766 10.938171 155.429607
v -6.856634 11.247891 155.942021
v -7.239863 11.511337 156.450929
v -9.800338 1.429151 152.048558
v -9.578321 2.518144 150.966908
v -9.281219 3.455351 150.342187
v -8.950034 4.239756 150.036382
v -8.587012 4.934806 149.941783
v -8.219412 5.524470 150.008403
v -7.857130 6.028218 150.186795
v -7.464885 6.508473 150.478368
v -6.996428 7.009848 150.937761
v -6.578263 7.403545 151.437209
v -13.588798 0.513148 156.451479
v -12.735122 0.192231 155.421837
v -11.858050 0.186613 154.377762
v -10.980372 0.497461 153.344252
v -10.461979 0.834137 152.751627
v -16.073613 1.947756 154.043919
v -9.723613 12.946279 154.043919
v -8.969926 12.298073 152.879797
v -8.444560 11.367941 151.783328
v -8.178048 10.209940 150.818237
v -8.185877 8.891367 150.040611
v -8.467594 7.488854 149.495643
v -9.006825 6.083910 149.215004
v -9.772233 4.758185 149.215004
v -10.719335 3.588724 149.495643
v -11.793088 2.643494 150.040611
v -12.931091 1.977427 150.818237
v -14.067206 1.629233 151.783328
v -15.135407 1.619147 152.879797
f 2360 2342 2343
f 2361 2340 2341
f 2361 2341 2342
f 2361 2342 2360
f 2362 2339 2340
f 2362 2340 2361
f 2363 2337 2338
f 2363 2338 2339
f 2363 2339 2362
f 2364 2352 2353
f 2364 2353 2337
f 2364 2337 2363
f 2365 2351 2352
f 2365 2352 2364
f 2350 2351 2365
f 2366 2349 2350
f 2366 2350 2365
f 2348 2349 2366
f 2367 2346 2347
f 2367 2347 2348
f 2367 2348 2366
f 2368 2345 2346
f 2368 2346 2367
f 2369 2344 2345
f 2369 2358 2344
f 2369 2345 2368
f 2370 2357 2358
f 2370 2358 2369
f 2371 2356 2357
f 2371 2357 2370
f 2372 2356 2371
f 2372 2355 2356
f 2359 2355 2372
f 2359 2354 2355
v -16.073613 1.947756 154.043919
v -16.827300 2.595963 155.208042
v -17.352666 3.526094 156.304511
v -17.619179 4.684096 157.269602
v -17.611349 6.002668 158.047228
v -17.329632 7.405181 158.592196
v -16.790401 8.810126 158.872835
v -16.024993 10.135851 158.872835
v -15.077891 11.305311 158.592196
v -14.004138 12.250541 158.047228
v -12.866135 12.916608 157.269602
v -11.730020 13.264802 156.304511
v -10.661820 13.274888 155.208042
v -9.723613 12.946279 154.043919
v -8.969926 12.298073 152.879797
v -8.444560 11.367941 151.783328
v -8.178048 10.209940 150.818237
v -8.185877 8.891367 150.040611
v -8.467594 7.488854 149.495643
v -9.006825 6.083910 149.215004
v -9.772233 4.758185 149.215004
v -10.719335 3.588724 149.495643
v -11.793088 2.643494 150.040611
v -12.931091 1.977427 150.818237
v -14.067206 1.629233 151.783328
v -15.135407 1.619147 152.879797
v -15.279863 3.322572 154.043919
v -14.576208 3.076115 153.170827
v -13.775058 3.083679 152.348476
v -12.922972 3.344825 151.624658
v -12.069470 3.844375 151.041438
v -11.264154 4.553298 150.632712
v -10.553828 5.430393 150.422233
v -9.979772 6.424687 150.422233
v -9.575349 7.478395 150.632712
v -9.364061 8.530280 151.041438
v -9.358189 9.519209 151.624658
v -9.558074 10.387710 152.348476
v -9.952098 11.085309 153.170827
v -10.517363 11.571464 154.043919
v -11.221018 11.817921 154.917012
v -12.022168 11.810356 155.739363
v -12.874255 11.549211 156.463181
v -13.727757 11.049661 157.046401
v -14.533072 10.340738 157.455127
v -15.243398 9.463643 157.665606
v -15.817454 8.469349 157.665606
v -16.221878 7.415640 157.455127
v -16.433165 6.363756 157.046401
v -16.439037 5.374826 156.463181
v -16.239153 4.506325 155.739363
v -15.845128 3.808726 154.917012
f 2404 2395 2394
f 2403 2396 2395
f 2403 2395 2404
f 2405 2394 2393
f 2405 2404 2394
f 2402 2397 2396
f 2402 2396 2403
f 2406 2393 2392
f 2406 2405 2393
f 2401 2398 2397
f 2401 2397 2402
f 2407 2392 2391
f 2407 2406 2392
f 2400 2398 2401
f 2373 2398 2400
f 2408 2391 2390
f 2408 2407 2391
f 2399 2373 2400
f 2409 2390 2389
f 2409 2408 2390
f 2374 2373 2399
f 2424 2374 2399
f 2410 2389 2388
f 2410 2409 2389
f 2375 2424 2423
f 2375 2374 2424
f 2411 2410 2388
f 2387 2411 2388
f 2376 2375 2423
f 2376 2423 2422
f 2412 2411 2387
f 2386 2412 2387
f 2377 2376 2422
f 2377 2422 2421
f 2385 2412 2386
f 2385 2413 2412
f 2385 2414 2413
f 2378 2377 2421
f 2378 2421 2420
f 2384 2414 2385
f 2384 2415 2414
f 2379 2378 2420
f 2379 2420 2419
f 2383 2415 2384
f 2380 2419 2418
f 2380 2379 2419
f 2382 2416 2415
f 2382 2415 2383
f 2381 2380 2418
f 2381 2417 2416
f 2381 2418 2417
f 2381 2416 2382
v 0.000000 21.829830 162.026600
v 0.000000 20.168787 161.843356
v 0.000000 18.587634 161.302437
v -0.000000 17.162416 160.429859
v -2.849365 21.643072 162.026600
v -5.649976 21.085996 162.026600
v -8.353914 20.168133 162.026600
v -10.914915 18.905187 162.026600
v -13.289158 17.318768 162.026600
v -15.436021 15.436021 162.026600
v -17.318768 13.289158 162.026600
v -18.905187 10.914915 162.026600
v -20.168133 8.353914 162.026600
v -21.085996 5.649976 162.026600
v -21.643072 2.849365 162.026600
v -21.829830 -0.000000 162.026600
v -21.643072 -2.849365 162.026600
v -21.085996 -5.649976 162.026600
v -20.168133 -8.353914 162.026600
v -18.905187 -10.914915 162.026600
v -17.318768 -13.289158 162.026600
v -15.436021 -15.436021 162.026600
v -13.289158 -17.318768 162.026600
v -10.914915 -18.905187 162.026600
v -8.353914 -20.168133 162.026600
v -5.649976 -21.085996 162.026600
v -2.849365 -21.643072 162.026600
v 0.000000 -21.829830 162.026600
v 0.000000 -20.168787 161.843356
v 0.000000 -18.587634 161.302437
v 0.000001 -17.162415 160.429859
v -1.354538 -17.018380 160.360058
v -2.214837 -16.774782 160.234600
v -3.024000 -16.428576 160.045405
v -3.872465 -15.928726 159.745318
v -4.297978 -15.617165 159.539294
v -4.686482 -15.290494 159.304642
v -6.930303 -14.412954 159.304642
v -9.016833 -13.208295 159.304642
v -10.898716 -11.703859 159.304642
v -12.144576 -11.172443 159.854358
v -13.327216 -10.383270 160.212466
v -14.346542 -9.344331 160.397845
v -15.108215 -8.113302 160.419404
v -15.579375 -6.741667 160.280246
v -15.750222 -5.322937 159.972395
v -15.714539 -4.421959 159.675344
v -15.585197 -3.586635 159.304642
v -15.947135 -1.204659 159.304642
v -15.947135 1.204659 159.304642
v -15.585197 3.586635 159.304642
v -15.747908 4.931289 159.854358
v -15.655783 6.350073 160.212466
v -15.265699 7.752304 160.397845
v -14.580433 9.027447 160.419404
v -13.628143 10.121301 160.280246
v -12.484910 10.978624 159.972395
v -11.686799 11.398211 159.675344
v -10.898716 11.703859 159.304642
v -9.016833 13.208295 159.304642
v -6.930303 14.412954 159.304642
v -4.686482 15.290494 159.304642
v -3.603414 16.103683 159.854328
v -2.328466 16.733294 160.212542
v -1.180569 17.052987 160.377193
v -1.392940 20.120629 161.843356
v -2.632555 19.996241 161.843356
v -1.283739 18.543251 161.302437
v -2.426173 18.428614 161.302437
v -4.404130 19.682064 161.843356
v -1.185307 17.121436 160.429859
v -5.220066 19.481553 161.843356
v -5.910285 19.283374 161.843356
v -2.240145 17.015589 160.429859
v -4.058863 18.139067 161.302437
v -4.810834 17.954276 161.302437
v -5.446942 17.771634 161.302437
v -7.718261 18.633530 161.843356
v -3.747647 16.748243 160.429859
v -4.441960 16.577621 160.429859
v -8.740046 18.176677 161.843356
v -5.029294 16.408983 160.429859
v -7.113180 17.172735 161.302437
v -10.084394 17.466682 161.843356
v -4.783853 15.608185 159.675337
v -8.054861 16.751697 161.302437
v -6.567772 15.856005 160.429859
v -11.371441 16.657440 161.843356
v -9.293817 16.097363 161.302437
v -7.437249 15.467250 160.429859
v -12.277980 16.000975 161.843356
v -7.074294 14.712412 159.675337
v -10.479965 15.351562 161.302437
v -8.581208 14.863088 160.429859
v -11.315435 14.746561 161.302437
v -13.744749 14.760144 161.843356
v -9.676407 14.174472 160.429859
v -14.261486 14.261486 161.843356
v -10.447817 13.615860 160.429859
v -9.204176 13.482724 159.675337
v -12.667215 13.603007 161.302437
v -15.145851 13.318528 161.843356
v -13.143442 13.143442 161.302437
v -16.000975 12.277980 161.843356
v -11.695949 12.559988 160.429859
v -13.958476 12.274408 161.302437
v -12.135661 12.135661 160.429859
v -11.125159 11.947031 159.675337
v -14.746561 11.315435 161.302437
v -17.148046 10.617180 161.843356
v -11.543412 11.543412 159.675337
v -12.888201 11.333260 160.429859
v -17.466682 10.084394 161.843356
v -13.615860 10.447817 160.429859
v -17.982874 9.132154 161.843356
v -15.803707 9.784835 161.302437
v -16.097363 9.293817 161.302437
v -18.633530 7.718261 161.843356
v -16.573087 8.416229 161.302437
v -14.591948 9.034576 160.429859
v -14.863088 8.581208 160.429859
v -17.172735 7.113180 161.302437
v -19.247198 6.027054 161.843356
v -15.302336 7.770910 160.429859
v -19.481553 5.220066 161.843356
v -19.655034 4.523230 161.843356
v -15.856005 6.567772 160.429859
v -17.738293 5.554556 161.302437
v -17.954276 4.810834 161.302437
v -18.114157 4.168627 161.302437
v -19.996241 2.632555 161.843356
v -16.378199 5.128657 160.429859
v -16.577621 4.441960 160.429859
v -20.111487 1.519237 161.843356
v -16.725243 3.848995 160.429859
v -18.428614 2.426173 161.302437
v -20.168787 -0.000000 161.843356
v -15.909012 3.661155 159.675337
v -18.534826 1.400135 161.302437
v -17.015589 2.240145 160.429859
v -20.111487 -1.519237 161.843356
v -18.587634 -0.000000 161.302437
v -17.113656 1.292779 160.429859
v -19.996241 -2.632555 161.843356
v -16.278470 1.229688 159.675337
v -18.534826 -1.400135 161.302437
v -17.162416 -0.000000 160.429859
v -18.428614 -2.426173 161.302437
v -19.655034 -4.523230 161.843356
v -17.113656 -1.292779 160.429859
v -19.481553 -5.220066 161.843356
v -17.015589 -2.240145 160.429859
v -16.278470 -1.229688 159.675337
v -18.114157 -4.168627 161.302437
v -19.107109 -6.457428 161.843356
v -17.954276 -4.810834 161.302437
v -18.633530 -7.718261 161.843356
v -16.725243 -3.848995 160.429859
v -17.609187 -5.951191 161.302437
v -16.577621 -4.441960 160.429859
v -15.909012 -3.661155 159.675337
v -17.172735 -7.113180 161.302437
v -17.768770 -9.542054 161.843356
v -15.768593 -4.225182 159.675337
v -16.258992 -5.494880 160.429859
v -17.466682 -10.084394 161.843356
v -15.856005 -6.567772 160.429859
v -16.900114 -11.007549 161.843356
v -16.375769 -8.793994 161.302437
v -16.097363 -9.293817 161.302437
v -16.000975 -12.277980 161.843356
v -15.575212 -10.144600 161.302437
v -15.120147 -8.119709 160.429859
v -14.863088 -8.581208 160.429859
v -14.746561 -11.315435 161.302437
v -14.843180 -13.655035 161.843356
v -14.380973 -9.366757 160.429859
v -14.261486 -14.261486 161.843356
v -13.744749 -14.760144 161.843356
v -13.615860 -10.447817 160.429859
v -13.679533 -12.584534 161.302437
v -13.143442 -13.143442 161.302437
v -12.667215 -13.603007 161.302437
v -12.277980 -16.000975 161.843356
v -12.630647 -11.619607 160.429859
v -12.135661 -12.135661 160.429859
v -11.371441 -16.657440 161.843356
v -11.695949 -12.559988 160.429859
v -11.315435 -14.746561 161.302437
v -10.084394 -17.466682 161.843356
v -11.125159 -11.947031 159.675337
v -10.479965 -15.351562 161.302437
v -10.447817 -13.615860 160.429859
v -8.740046 -18.176677 161.843356
v -9.293817 -16.097363 161.302437
v -9.676407 -14.174472 160.429859
v -7.718261 -18.633530 161.843356
v -9.204176 -13.482724 159.675337
v -8.054861 -16.751697 161.302437
v -8.581208 -14.863088 160.429859
v -7.113180 -17.172735 161.302437
v -5.910285 -19.283374 161.843356
v -7.437249 -15.467250 160.429859
v -5.351656 -19.445816 161.843356
v -4.764506 -19.597945 161.843356
v -6.567772 -15.856005 160.429859
v -7.074294 -14.712412 159.675337
v -5.446942 -17.771634 161.302437
v -3.651123 -19.835556 161.843356
v -4.932108 -17.921341 161.302437
v -4.390988 -18.061544 161.302437
v -2.640042 -19.995254 161.843356
v -5.029294 -16.408983 160.429859
v -3.364889 -18.280527 161.302437
v -4.553935 -16.547211 160.429859
v -1.600227 -20.105205 161.843356
v -4.054306 -16.676664 160.429859
v -4.783853 -15.608185 159.675337
v -2.433073 -18.427704 161.302437
v -4.331692 -15.739668 159.675337
v -3.106884 -16.878856 160.429859
v -1.474775 -18.529036 161.302437
v -2.246516 -17.014749 160.429859
v -1.361696 -17.108311 160.429859
f 2490 2426 2425
f 2490 2425 2429
f 2491 2490 2429
f 2492 2427 2426
f 2492 2426 2490
f 2493 2490 2491
f 2493 2492 2490
f 2494 2429 2430
f 2494 2491 2429
f 2495 2428 2427
f 2495 2427 2492
f 2495 2489 2428
f 2496 2494 2430
f 2497 2430 2431
f 2497 2496 2430
f 2498 2495 2492
f 2498 2488 2489
f 2498 2489 2495
f 2498 2492 2493
f 2499 2494 2496
f 2499 2491 2494
f 2499 2493 2491
f 2500 2499 2496
f 2501 2496 2497
f 2501 2500 2496
f 2502 2497 2431
f 2503 2488 2498
f 2503 2498 2493
f 2503 2487 2488
f 2503 2493 2499
f 2504 2500 2501
f 2504 2503 2499
f 2504 2499 2500
f 2504 2487 2503
f 2505 2431 2432
f 2505 2502 2431
f 2506 2504 2501
f 2507 2501 2497
f 2507 2497 2502
f 2508 2505 2432
f 2509 2504 2506
f 2509 2486 2487
f 2509 2487 2504
f 2510 2502 2505
f 2510 2505 2508
f 2510 2507 2502
f 2511 2485 2486
f 2511 2506 2501
f 2511 2509 2506
f 2511 2486 2509
f 2511 2507 2510
f 2511 2501 2507
f 2512 2432 2433
f 2512 2508 2432
f 2513 2510 2508
f 2514 2510 2513
f 2514 2511 2510
f 2515 2512 2433
f 2516 2511 2514
f 2516 2485 2511
f 2517 2512 2515
f 2517 2513 2508
f 2517 2508 2512
f 2518 2516 2514
f 2518 2485 2516
f 2518 2484 2485
f 2518 2514 2513
f 2519 2517 2515
f 2520 2433 2434
f 2520 2515 2433
f 2521 2518 2513
f 2521 2513 2517
f 2522 2520 2434
f 2523 2517 2519
f 2523 2521 2517
f 2523 2483 2484
f 2524 2484 2518
f 2524 2523 2484
f 2524 2518 2521
f 2524 2521 2523
f 2525 2523 2519
f 2525 2515 2520
f 2525 2519 2515
f 2526 2434 2435
f 2526 2522 2434
f 2527 2525 2520
f 2527 2520 2522
f 2528 2526 2435
f 2529 2523 2525
f 2530 2522 2526
f 2530 2527 2522
f 2531 2525 2527
f 2531 2529 2525
f 2531 2481 2482
f 2532 2483 2523
f 2532 2523 2529
f 2532 2529 2531
f 2533 2526 2528
f 2533 2530 2526
f 2534 2435 2436
f 2534 2528 2435
f 2534 2533 2528
f 2535 2483 2532
f 2535 2531 2482
f 2535 2532 2531
f 2535 2482 2483
f 2536 2527 2530
f 2536 2531 2527
f 2536 2481 2531
f 2537 2534 2436
f 2538 2536 2530
f 2538 2530 2533
f 2538 2480 2481
f 2538 2533 2480
f 2538 2481 2536
f 2539 2436 2437
f 2539 2537 2436
f 2540 2480 2533
f 2540 2533 2534
f 2540 2534 2537
f 2541 2540 2537
f 2542 2539 2437
f 2543 2537 2539
f 2543 2541 2537
f 2544 2479 2480
f 2544 2480 2540
f 2545 2478 2479
f 2545 2479 2544
f 2545 2540 2541
f 2545 2541 2543
f 2545 2544 2540
f 2546 2539 2542
f 2546 2543 2539
f 2547 2437 2438
f 2547 2542 2437
f 2548 2478 2545
f 2548 2545 2543
f 2549 2547 2438
f 2550 2438 2439
f 2550 2549 2438
f 2551 2548 2543
f 2551 2477 2478
f 2551 2478 2548
f 2551 2543 2546
f 2552 2546 2542
f 2552 2542 2547
f 2553 2552 2547
f 2553 2547 2549
f 2554 2549 2550
f 2554 2553 2549
f 2555 2550 2439
f 2556 2477 2551
f 2556 2546 2552
f 2556 2476 2477
f 2556 2551 2546
f 2557 2552 2553
f 2557 2556 2552
f 2557 2476 2556
f 2558 2439 2440
f 2558 2555 2439
f 2559 2553 2554
f 2559 2557 2553
f 2560 2554 2550
f 2560 2559 2554
f 2560 2555 2558
f 2560 2550 2555
f 2561 2558 2440
f 2562 2476 2557
f 2562 2557 2559
f 2562 2475 2476
f 2563 2560 2558
f 2564 2559 2560
f 2564 2562 2559
f 2564 2475 2562
f 2564 2474 2475
f 2565 2440 2441
f 2565 2561 2440
f 2566 2558 2561
f 2566 2563 2558
f 2567 2564 2560
f 2567 2560 2563
f 2567 2563 2566
f 2568 2565 2441
f 2569 2474 2564
f 2569 2564 2567
f 2570 2565 2568
f 2570 2561 2565
f 2570 2566 2561
f 2571 2566 2570
f 2571 2473 2474
f 2571 2567 2566
f 2571 2474 2569
f 2571 2569 2567
f 2572 2570 2568
f 2573 2441 2442
f 2573 2568 2441
f 2574 2571 2570
f 2575 2573 2442
f 2576 2472 2473
f 2576 2570 2572
f 2576 2574 2570
f 2577 2576 2473
f 2577 2473 2571
f 2577 2571 2574
f 2577 2574 2576
f 2578 2568 2573
f 2578 2572 2568
f 2579 2442 2443
f 2579 2575 2442
f 2580 2578 2573
f 2580 2573 2575
f 2581 2579 2443
f 2582 2576 2572
f 2582 2572 2578
f 2582 2578 2580
f 2583 2575 2579
f 2583 2580 2575
f 2584 2582 2580
f 2584 2470 2471
f 2585 2472 2576
f 2585 2576 2582
f 2585 2582 2584
f 2586 2583 2579
f 2586 2579 2581
f 2587 2443 2444
f 2587 2581 2443
f 2588 2584 2471
f 2588 2472 2585
f 2588 2471 2472
f 2588 2585 2584
f 2589 2470 2584
f 2589 2584 2580
f 2589 2580 2583
f 2590 2587 2444
f 2591 2583 2586
f 2591 2589 2583
f 2591 2586 2469
f 2591 2469 2470
f 2591 2470 2589
f 2592 2444 2445
f 2592 2590 2444
f 2593 2469 2586
f 2593 2586 2581
f 2593 2581 2587
f 2594 2593 2587
f 2594 2587 2590
f 2595 2592 2445
f 2596 2590 2592
f 2596 2594 2590
f 2597 2469 2593
f 2597 2468 2469
f 2598 2593 2594
f 2598 2597 2593
f 2598 2594 2596
f 2598 2467 2468
f 2598 2468 2597
f 2599 2596 2592
f 2599 2592 2595
f 2600 2445 2446
f 2600 2595 2445
f 2601 2598 2596
f 2601 2467 2598
f 2602 2600 2446
f 2603 2446 2447
f 2603 2602 2446
f 2604 2596 2599
f 2604 2601 2596
f 2604 2466 2467
f 2604 2467 2601
f 2605 2599 2595
f 2605 2600 2602
f 2605 2595 2600
f 2606 2605 2602
f 2607 2602 2603
f 2607 2606 2602
f 2608 2603 2447
f 2609 2604 2599
f 2609 2465 2466
f 2609 2599 2605
f 2609 2466 2604
f 2610 2465 2609
f 2610 2605 2606
f 2610 2606 2607
f 2610 2609 2605
f 2611 2447 2448
f 2611 2608 2447
f 2612 2610 2607
f 2613 2607 2603
f 2613 2603 2608
f 2614 2611 2448
f 2615 2464 2465
f 2615 2465 2610
f 2615 2610 2612
f 2616 2608 2611
f 2616 2613 2608
f 2617 2615 2612
f 2617 2613 2616
f 2617 2463 2464
f 2617 2464 2615
f 2617 2607 2613
f 2617 2612 2607
f 2618 2448 2449
f 2618 2614 2448
f 2619 2616 2611
f 2619 2611 2614
f 2620 2616 2619
f 2620 2617 2616
f 2621 2618 2449
f 2622 2463 2617
f 2622 2617 2620
f 2623 2614 2618
f 2623 2619 2614
f 2624 2620 2619
f 2624 2622 2620
f 2624 2462 2463
f 2624 2619 2623
f 2624 2463 2622
f 2625 2623 2618
f 2625 2618 2621
f 2626 2621 2449
f 2626 2449 2450
f 2627 2624 2623
f 2628 2626 2450
f 2629 2628 2450
f 2630 2627 2623
f 2630 2623 2625
f 2630 2461 2462
f 2631 2624 2627
f 2631 2462 2624
f 2631 2627 2630
f 2631 2630 2462
f 2632 2625 2621
f 2632 2621 2626
f 2632 2630 2625
f 2633 2450 2451
f 2633 2629 2450
f 2634 2632 2626
f 2634 2626 2628
f 2635 2629 2633
f 2635 2634 2628
f 2635 2628 2629
f 2636 2633 2451
f 2637 2630 2632
f 2638 2635 2633
f 2639 2632 2634
f 2639 2637 2632
f 2640 2451 2452
f 2640 2452 2453
f 2640 2636 2451
f 2641 2639 2634
f 2641 2458 2459
f 2641 2634 2635
f 2641 2459 2639
f 2642 2460 2461
f 2642 2461 2630
f 2642 2630 2637
f 2642 2637 2639
f 2643 2633 2636
f 2643 2638 2633
f 2644 2459 2460
f 2644 2460 2642
f 2644 2639 2459
f 2644 2642 2639
f 2645 2457 2458
f 2645 2458 2641
f 2645 2635 2638
f 2645 2641 2635
f 2645 2638 2643
f 2646 2453 2454
f 2646 2643 2636
f 2646 2640 2453
f 2646 2636 2640
f 2647 2456 2457
f 2647 2457 2645
f 2647 2645 2643
f 2648 2454 2455
f 2648 2455 2456
f 2648 2456 2647
f 2648 2646 2454
f 2648 2643 2646
f 2648 2647 2643
v -7.239863 11.511337 156.450929
v -8.265813 11.895907 157.507652
v -9.242375 11.988329 158.282191
v -9.891223 11.939396 158.718279
v -10.898716 11.703859 159.304642
v -9.016833 13.208295 159.304642
v -6.930303 14.412954 159.304642
v -4.686482 15.290494 159.304642
v -5.475017 14.429351 158.632996
v -5.883873 13.777026 158.098514
v -6.232208 12.893918 157.311432
v -6.350000 12.024818 156.451479
v -6.201084 11.125055 155.421837
v -5.767413 10.362679 154.377762
v -5.059373 9.758012 153.344252
v -4.508606 9.477408 152.751627
v -3.662488 9.201918 152.048558
v -4.532384 8.806054 152.048558
v -5.360075 8.328187 152.048558
v -6.137851 7.772766 152.048558
v -5.932716 8.879714 152.964716
v -5.952753 9.623906 153.729581
v -6.141384 10.302287 154.536539
v -6.538766 10.938171 155.429607
v -6.856634 11.247891 155.942021
f 2664 2666 2665
f 2669 2664 2663
f 2669 2667 2666
f 2669 2668 2667
f 2669 2666 2664
f 2670 2669 2663
f 2662 2670 2663
f 2671 2670 2662
f 2661 2671 2662
f 2672 2671 2661
f 2673 2661 2660
f 2673 2672 2661
f 2649 2660 2659
f 2649 2673 2660
f 2650 2659 2658
f 2650 2649 2659
f 2655 2657 2656
f 2655 2658 2657
f 2655 2650 2658
f 2654 2651 2650
f 2654 2650 2655
f 2652 2651 2654
f 2653 2652 2654
v 3.662488 9.201918 152.048558
v 4.723699 9.577740 152.964716
v 5.358171 9.967188 153.729581
v 5.851351 10.469738 154.536539
v 6.203351 11.131823 155.429607
v 6.312642 11.561964 155.942021
v 6.349179 12.025574 156.450929
v -3.662488 9.201918 152.048558
v -2.608383 9.554141 150.966908
v -1.648188 9.765447 150.342187
v -0.803280 9.870835 150.036382
v -0.019839 9.903973 149.941783
v 0.674625 9.880455 150.008403
v 1.292025 9.818584 150.186795
v 1.904060 9.719016 150.478368
v 2.572492 9.564009 150.937761
v 3.122527 9.398716 151.437209
v -6.350000 12.024818 156.451479
v -6.201084 11.125055 155.421837
v -5.767413 10.362679 154.377762
v -5.059373 9.758012 153.344252
v -4.508606 9.477408 152.751627
v -6.350000 14.894036 154.043919
v 6.350000 14.894036 154.043919
v 6.165481 13.917220 152.879797
v 5.622646 12.997174 151.783328
v 4.753043 12.187367 150.818237
v 3.607211 11.534861 150.040611
v 2.251741 11.077579 149.495643
v 0.765408 10.842094 149.215004
v -0.765408 10.842094 149.215004
v -2.251741 11.077579 149.495643
v -3.607211 11.534861 150.040611
v -4.753043 12.187367 150.818237
v -5.622646 12.997174 151.783328
v -6.165481 13.917220 152.879797
f 2697 2679 2680
f 2698 2677 2678
f 2698 2678 2679
f 2698 2679 2697
f 2699 2676 2677
f 2699 2677 2698
f 2700 2674 2675
f 2700 2675 2676
f 2700 2676 2699
f 2701 2689 2690
f 2701 2690 2674
f 2701 2674 2700
f 2702 2688 2689
f 2702 2689 2701
f 2687 2688 2702
f 2703 2686 2687
f 2703 2687 2702
f 2685 2686 2703
f 2704 2683 2684
f 2704 2684 2685
f 2704 2685 2703
f 2705 2682 2683
f 2705 2683 2704
f 2706 2681 2682
f 2706 2695 2681
f 2706 2682 2705
f 2707 2694 2695
f 2707 2695 2706
f 2708 2693 2694
f 2708 2694 2707
f 2709 2693 2708
f 2709 2692 2693
f 2696 2692 2709
f 2696 2691 2692
v -6.350000 14.894036 154.043919
v -6.165481 15.870851 155.208042
v -5.622646 16.790897 156.304511
v -4.753043 17.600704 157.269602
v -3.607211 18.253210 158.047228
v -2.251741 18.710493 158.592196
v -0.765408 18.945977 158.872835
v 0.765408 18.945977 158.872835
v 2.251741 18.710493 158.592196
v 3.607211 18.253210 158.047228
v 4.753043 17.600704 157.269602
v 5.622646 16.790897 156.304511
v 6.165481 15.870851 155.208042
v 6.350000 14.894036 154.043919
v 6.165481 13.917220 152.879797
v 5.622646 12.997174 151.783328
v 4.753043 12.187367 150.818237
v 3.607211 11.534861 150.040611
v 2.251741 11.077579 149.495643
v 0.765408 10.842094 149.215004
v -0.765408 10.842094 149.215004
v -2.251741 11.077579 149.495643
v -3.607211 11.534861 150.040611
v -4.753043 12.187367 150.818237
v -5.622646 12.997174 151.783328
v -6.165481 13.917220 152.879797
v -4.762500 14.894036 154.043919
v -4.624110 14.161424 153.170827
v -4.216984 13.471390 152.348476
v -3.564782 12.864034 151.624658
v -2.705408 12.374655 151.041438
v -1.688806 12.031693 150.632712
v -0.574056 11.855080 150.422233
v 0.574056 11.855080 150.422233
v 1.688806 12.031693 150.632712
v 2.705408 12.374655 151.041438
v 3.564782 12.864034 151.624658
v 4.216984 13.471390 152.348476
v 4.624110 14.161424 153.170827
v 4.762500 14.894036 154.043919
v 4.624110 15.626647 154.917012
v 4.216984 16.316681 155.739363
v 3.564782 16.924037 156.463181
v 2.705408 17.413416 157.046401
v 1.688806 17.756378 157.455127
v 0.574056 17.932991 157.665606
v -0.574056 17.932991 157.665606
v -1.688806 17.756378 157.455127
v -2.705408 17.413416 157.046401
v -3.564782 16.924037 156.463181
v -4.216984 16.316681 155.739363
v -4.624110 15.626647 154.917012
f 2746 2727 2726
f 2745 2728 2727
f 2745 2727 2746
f 2747 2726 2725
f 2747 2746 2726
f 2744 2729 2728
f 2744 2728 2745
f 2748 2725 2724
f 2748 2747 2725
f 2743 2730 2729
f 2743 2729 2744
f 2749 2724 2723
f 2749 2748 2724
f 2742 2730 2743
f 2731 2730 2742
f 2750 2723 2722
f 2750 2749 2723
f 2741 2731 2742
f 2751 2722 2721
f 2751 2750 2722
f 2732 2731 2741
f 2740 2732 2741
f 2752 2721 2720
f 2752 2751 2721
f 2733 2740 2739
f 2733 2732 2740
f 2753 2752 2720
f 2719 2753 2720
f 2734 2733 2739
f 2734 2739 2738
f 2737 2734 2738
f 2718 2753 2719
f 2718 2754 2753
f 2755 2754 2718
f 2735 2734 2737
f 2717 2756 2755
f 2717 2755 2718
f 2710 2735 2737
f 2710 2737 2736
f 2716 2756 2717
f 2711 2710 2736
f 2711 2736 2761
f 2715 2756 2716
f 2715 2757 2756
f 2715 2758 2757
f 2712 2711 2761
f 2712 2761 2760
f 2714 2758 2715
f 2713 2758 2714
f 2713 2759 2758
f 2713 2760 2759
f 2713 2712 2760
v 6.349179 12.025574 156.450929
v 6.169251 13.106358 157.507652
v 5.761010 13.998296 158.282191
v 5.394209 14.535748 158.718279
v 4.686482 15.290494 159.304642
v 6.930303 14.412954 159.304642
v 9.016833 13.208295 159.304642
v 10.898716 11.703859 159.304642
v 9.758676 11.956179 158.632996
v 8.989318 11.984097 158.098514
v 8.050357 11.844209 157.311432
v 7.238798 11.511670 156.451479
v 6.534038 10.932823 155.421837
v 6.090637 10.176066 154.377762
v 5.921000 9.260551 153.344252
v 5.953373 8.643271 152.751627
v 6.137851 7.772766 152.048558
v 5.360075 8.328187 152.048558
v 4.532384 8.806054 152.048558
v 3.662488 9.201918 152.048558
v 4.723699 9.577740 152.964716
v 5.358171 9.967188 153.729581
v 5.851351 10.469738 154.536539
v 6.203351 11.131823 155.429607
v 6.312642 11.561964 155.942021
f 2777 2779 2778
f 2782 2777 2776
f 2782 2780 2779
f 2782 2781 2780
f 2782 2779 2777
f 2783 2782 2776
f 2775 2783 2776
f 2784 2783 2775
f 2774 2784 2775
f 2785 2784 2774
f 2786 2774 2773
f 2786 2785 2774
f 2762 2773 2772
f 2762 2786 2773
f 2763 2772 2771
f 2763 2762 2772
f 2768 2770 2769
f 2768 2771 2770
f 2768 2763 2771
f 2767 2764 2763
f 2767 2763 2768
f 2765 2764 2767
f 2766 2765 2767
v 9.800338 1.429151 152.048558
v 10.656416 0.698026 152.964716
v 11.310924 0.343282 153.729581
v 11.992735 0.167451 154.536539
v 12.742118 0.193652 155.429607
v 13.169279 0.314075 155.942025
v 13.589047 0.514240 156.450935
v 6.137851 7.772766 152.048558
v 6.969937 7.035997 150.966908
v 7.633031 6.310096 150.342187
v 8.146754 5.631078 150.036382
v 8.567173 4.969168 149.941783
v 8.894038 4.355985 150.008403
v 9.149155 3.790365 150.186795
v 9.368945 3.210543 150.478368
v 9.568921 2.554161 150.937761
v 9.700790 1.995171 151.437209
v 7.238798 11.511670 156.451479
v 6.534038 10.932823 155.421837
v 6.090637 10.176066 154.377762
v 5.921000 9.260551 153.344252
v 5.953373 8.643271 152.751627
v 9.723613 12.946279 154.043919
v 16.073613 1.947756 154.043919
v 15.135407 1.619147 152.879797
v 14.067206 1.629233 151.783328
v 12.931091 1.977427 150.818237
v 11.793088 2.643494 150.040611
v 10.719335 3.588724 149.495643
v 9.772233 4.758185 149.215004
v 9.006825 6.083910 149.215004
v 8.467594 7.488854 149.495643
v 8.185877 8.891367 150.040611
v 8.178048 10.209940 150.818237
v 8.444560 11.367941 151.783328
v 8.969926 12.298073 152.879797
f 2810 2792 2793
f 2811 2790 2791
f 2811 2791 2792
f 2811 2792 2810
f 2812 2789 2790
f 2812 2790 2811
f 2813 2787 2788
f 2813 2788 2789
f 2813 2789 2812
f 2814 2802 2803
f 2814 2803 2787
f 2814 2787 2813
f 2815 2801 2802
f 2815 2802 2814
f 2800 2801 2815
f 2816 2799 2800
f 2816 2800 2815
f 2798 2799 2816
f 2817 2796 2797
f 2817 2797 2798
f 2817 2798 2816
f 2818 2795 2796
f 2818 2796 2817
f 2819 2794 2795
f 2819 2808 2794
f 2819 2795 2818
f 2820 2807 2808
f 2820 2808 2819
f 2821 2806 2807
f 2821 2807 2820
f 2822 2806 2821
f 2822 2805 2806
f 2809 2805 2822
f 2809 2804 2805
v 9.723613 12.946279 154.043919
v 10.661820 13.274888 155.208042
v 11.730020 13.264802 156.304511
v 12.866135 12.916608 157.269602
v 14.004138 12.250541 158.047228
v 15.077891 11.305311 158.592196
v 16.024993 10.135851 158.872835
v 16.790401 8.810126 158.872835
v 17.329632 7.405181 158.592196
v 17.611349 6.002668 158.047228
v 17.619179 4.684096 157.269602
v 17.352666 3.526094 156.304511
v 16.827300 2.595963 155.208042
v 16.073613 1.947756 154.043919
v 15.135407 1.619147 152.879797
v 14.067206 1.629233 151.783328
v 12.931091 1.977427 150.818237
v 11.793088 2.643494 150.040611
v 10.719335 3.588724 149.495643
v 9.772233 4.758185 149.215004
v 9.006825 6.083910 149.215004
v 8.467594 7.488854 149.495643
v 8.185877 8.891367 150.040611
v 8.178048 10.209940 150.818237
v 8.444560 11.367941 151.783328
v 8.969926 12.298073 152.879797
v 10.517363 11.571464 154.043919
v 9.952098 11.085309 153.170827
v 9.558074 10.387710 152.348476
v 9.358189 9.519209 151.624658
v 9.364061 8.530280 151.041438
v 9.575349 7.478395 150.632712
v 9.979772 6.424687 150.422233
v 10.553828 5.430393 150.422233
v 11.264154 4.553298 150.632712
v 12.069470 3.844375 151.041438
v 12.922972 3.344825 151.624658
v 13.775058 3.083679 152.348476
v 14.576208 3.076115 153.170827
v 15.279863 3.322572 154.043919
v 15.845128 3.808726 154.917012
v 16.239153 4.506325 155.739363
v 16.439037 5.374826 156.463181
v 16.433165 6.363756 157.046401
v 16.221878 7.415640 157.455127
v 15.817454 8.469349 157.665606
v 15.243398 9.463643 157.665606
v 14.533072 10.340738 157.455127
v 13.727757 11.049661 157.046401
v 12.874255 11.549211 156.463181
v 12.022168 11.810356 155.739363
v 11.221018 11.817921 154.917012
f 2869 2830 2829
f 2868 2831 2830
f 2868 2830 2869
f 2870 2829 2828
f 2870 2869 2829
f 2867 2832 2831
f 2867 2831 2868
f 2871 2828 2827
f 2871 2870 2828
f 2866 2833 2832
f 2866 2832 2867
f 2872 2827 2826
f 2872 2871 2827
f 2865 2833 2866
f 2834 2833 2865
f 2873 2826 2825
f 2873 2872 2826
f 2864 2834 2865
f 2874 2825 2824
f 2874 2873 2825
f 2835 2834 2864
f 2863 2835 2864
f 2849 2824 2823
f 2849 2874 2824
f 2836 2863 2862
f 2836 2835 2863
f 2850 2849 2823
f 2848 2850 2823
f 2837 2836 2862
f 2837 2862 2861
f 2860 2837 2861
f 2847 2850 2848
f 2847 2851 2850
f 2852 2851 2847
f 2838 2837 2860
f 2846 2852 2847
f 2839 2838 2860
f 2839 2860 2859
f 2845 2853 2852
f 2845 2854 2853
f 2845 2852 2846
f 2840 2859 2858
f 2840 2839 2859
f 2844 2855 2854
f 2844 2854 2845
f 2841 2858 2857
f 2841 2840 2858
f 2843 2855 2844
f 2842 2856 2855
f 2842 2857 2856
f 2842 2855 2843
f 2842 2841 2857
v 13.589047 0.514240 156.450935
v 14.435068 1.210455 157.507657
v 15.003386 2.009969 158.282192
v 15.285433 2.596354 158.718280
v 15.585197 3.586635 159.304642
v 15.947135 1.204659 159.304642
v 15.947135 -1.204659 159.304642
v 15.585197 -3.586635 159.304642
v 15.233693 -2.473172 158.632996
v 14.873191 -1.792930 158.098514
v 14.282565 -1.049709 157.311432
v 13.588798 -0.513148 156.451479
v 12.735122 -0.192231 155.421837
v 11.858050 -0.186613 154.377762
v 10.980372 -0.497461 153.344252
v 10.461979 -0.834137 152.751627
v 9.800338 -1.429151 152.048558
v 9.892459 -0.477867 152.048558
v 9.892459 0.477867 152.048558
v 9.800338 1.429151 152.048558
v 10.656416 0.698026 152.964716
v 11.310924 0.343282 153.729581
v 11.992735 0.167451 154.536539
v 12.742118 0.193652 155.429607
v 13.169279 0.314075 155.942025
f 2890 2892 2891
f 2895 2890 2889
f 2895 2893 2892
f 2895 2894 2893
f 2895 2892 2890
f 2896 2895 2889
f 2888 2896 2889
f 2897 2896 2888
f 2887 2897 2888
f 2898 2897 2887
f 2899 2887 2886
f 2899 2898 2887
f 2875 2886 2885
f 2875 2899 2886
f 2876 2885 2884
f 2876 2875 2885
f 2881 2883 2882
f 2881 2884 2883
f 2881 2876 2884
f 2880 2877 2876
f 2880 2876 2881
f 2878 2877 2880
f 2879 2878 2880
v 16.073613 -1.947756 154.043919
v 16.827300 -2.595963 155.208042
v 17.352666 -3.526094 156.304511
v 17.619179 -4.684096 157.269602
v 17.611349 -6.002668 158.047228
v 17.329632 -7.405181 158.592196
v 16.790401 -8.810126 158.872835
v 16.024993 -10.135851 158.872835
v 15.077891 -11.305311 158.592196
v 14.004138 -12.250541 158.047228
v 12.866135 -12.916608 157.269602
v 11.730020 -13.264802 156.304511
v 10.661820 -13.274888 155.208042
v 9.723613 -12.946279 154.043919
v 8.969926 -12.298073 152.879797
v 8.444560 -11.367941 151.783328
v 8.178048 -10.209940 150.818237
v 8.185877 -8.891367 150.040611
v 8.467594 -7.488854 149.495643
v 9.006825 -6.083910 149.215004
v 9.772233 -4.758185 149.215004
v 10.719335 -3.588724 149.495643
v 11.793088 -2.643494 150.040611
v 12.931091 -1.977427 150.818237
v 14.067206 -1.629233 151.783328
v 15.135407 -1.619147 152.879797
v 15.279863 -3.322572 154.043919
v 14.576208 -3.076115 153.170827
v 13.775058 -3.083679 152.348476
v 12.922972 -3.344825 151.624658
v 12.069470 -3.844375 151.041438
v 11.264154 -4.553298 150.632712
v 10.553828 -5.430393 150.422233
v 9.979772 -6.424687 150.422233
v 9.575349 -7.478395 150.632712
v 9.364061 -8.530280 151.041438
v 9.358189 -9.519209 151.624658
v 9.558074 -10.387710 152.348476
v 9.952098 -11.085309 153.170827
v 10.517363 -11.571464 154.043919
v 11.221018 -11.817921 154.917012
v 12.022168 -11.810356 155.739363
v 12.874255 -11.549211 156.463181
v 13.727757 -11.049661 157.046401
v 14.533072 -10.340738 157.455127
v 15.243398 -9.463643 157.665606
v 15.817454 -8.469349 157.665606
v 16.221878 -7.415640 157.455127
v 16.433165 -6.363756 157.046401
v 16.439037 -5.374826 156.463181
v 16.239153 -4.506325 155.739363
v 15.845128 -3.808726 154.917012
f 2926 2901 2900
f 2951 2901 2926
f 2927 2900 2925
f 2927 2926 2900
f 2950 2902 2901
f 2950 2901 2951
f 2928 2925 2924
f 2928 2927 2925
f 2949 2903 2902
f 2949 2902 2950
f 2929 2924 2923
f 2929 2928 2924
f 2948 2904 2903
f 2948 2903 2949
f 2930 2923 2922
f 2930 2929 2923
f 2947 2905 2904
f 2947 2904 2948
f 2931 2922 2921
f 2931 2930 2922
f 2946 2906 2905
f 2946 2905 2947
f 2932 2921 2920
f 2932 2931 2921
f 2945 2906 2946
f 2907 2906 2945
f 2933 2932 2920
f 2919 2933 2920
f 2944 2907 2945
f 2934 2933 2919
f 2908 2907 2944
f 2943 2908 2944
f 2918 2934 2919
f 2935 2934 2918
f 2909 2908 2943
f 2942 2909 2943
f 2917 2935 2918
f 2917 2936 2935
f 2910 2909 2942
f 2916 2936 2917
f 2916 2937 2936
f 2911 2910 2942
f 2911 2941 2940
f 2911 2942 2941
f 2915 2937 2916
f 2912 2911 2940
f 2914 2938 2937
f 2914 2939 2938
f 2914 2937 2915
f 2913 2940 2939
f 2913 2912 2940
f 2913 2939 2914
v 10.517363 -11.571464 154.043919
v 21.084847 -17.672603 143.805007
v 15.279863 -3.322572 154.043919
v 14.576208 -3.076115 153.170827
v 13.775058 -3.083679 152.348476
v 12.922972 -3.344825 151.624658
v 12.069470 -3.844375 151.041438
v 11.264154 -4.553298 150.632712
v 10.553828 -5.430393 150.422233
v 9.979772 -6.424687 150.422233
v 9.575349 -7.478395 150.632712
v 9.364061 -8.530280 151.041438
v 9.358189 -9.519209 151.624658
v 9.558074 -10.387710 152.348476
v 9.952098 -11.085309 153.170827
v 25.847340 -9.423708 143.804998
v 25.382677 -9.227875 143.213886
v 25.066291 -9.164000 142.854158
v 24.731532 -9.146113 142.500328
v 20.286532 -16.845079 142.500328
v 19.991966 -16.056351 141.726326
v 19.897435 -15.122811 141.072486
v 20.008389 -14.098291 140.576513
v 20.318429 -13.041873 140.267007
v 20.809678 -12.014473 140.161816
v 21.453808 -11.075340 140.267007
v 22.213673 -10.278627 140.576513
v 23.045456 -9.670279 141.072486
v 23.901191 -9.285375 141.726326
v 20.718375 -17.401142 143.269571
v 20.443345 -17.090376 142.806433
f 2981 2952 2953
f 2981 2966 2952
f 2982 2966 2981
f 2971 2965 2966
f 2971 2966 2982
f 2972 2964 2965
f 2972 2965 2971
f 2973 2963 2964
f 2973 2964 2972
f 2974 2962 2963
f 2974 2963 2973
f 2975 2961 2962
f 2975 2962 2974
f 2976 2960 2961
f 2976 2961 2975
f 2977 2959 2960
f 2977 2960 2976
f 2978 2958 2959
f 2978 2959 2977
f 2979 2957 2958
f 2979 2958 2978
f 2980 2956 2957
f 2980 2957 2979
f 2970 2955 2956
f 2970 2956 2980
f 2969 2955 2970
f 2968 2954 2955
f 2968 2955 2969
f 2967 2954 2968
v 7.239863 -11.511337 156.450929
v 8.265813 -11.895907 157.507652
v 9.242375 -11.988329 158.282191
v 9.891223 -11.939396 158.718279
v 10.898716 -11.703859 159.304642
v 9.016833 -13.208295 159.304642
v 6.930303 -14.412954 159.304642
v 4.686482 -15.290494 159.304642
v 5.475017 -14.429351 158.632996
v 5.883873 -13.777026 158.098514
v 6.232208 -12.893918 157.311432
v 6.350000 -12.024818 156.451479
v 6.201084 -11.125055 155.421837
v 5.767413 -10.362679 154.377762
v 5.059373 -9.758012 153.344252
v 4.508606 -9.477408 152.751627
v 3.662488 -9.201918 152.048558
v 4.532384 -8.806054 152.048558
v 5.360075 -8.328187 152.048558
v 6.137851 -7.772766 152.048558
v 5.932716 -8.879714 152.964716
v 5.952753 -9.623906 153.729581
v 6.141384 -10.302287 154.536539
v 6.538766 -10.938171 155.429607
v 6.856634 -11.247891 155.942021
f 2998 3000 2999
f 3003 2998 2997
f 3003 3001 3000
f 3003 3002 3001
f 3003 3000 2998
f 3004 3003 2997
f 2996 3004 2997
f 3005 3004 2996
f 2995 3005 2996
f 3006 3005 2995
f 3007 2995 2994
f 3007 3006 2995
f 2983 2994 2993
f 2983 3007 2994
f 2984 2993 2992
f 2984 2983 2993
f 2989 2991 2990
f 2989 2992 2991
f 2989 2984 2992
f 2988 2985 2984
f 2988 2984 2989
f 2986 2985 2988
f 2987 2986 2988
v 6.350000 -14.894036 154.043919
v 6.165481 -15.870851 155.208042
v 5.622646 -16.790897 156.304511
v 4.753043 -17.600704 157.269602
v 3.607211 -18.253210 158.047228
v 2.251741 -18.710493 158.592196
v 0.765408 -18.945977 158.872835
v -0.765408 -18.945977 158.872835
v -2.251741 -18.710493 158.592196
v -3.607211 -18.253210 158.047228
v -4.753043 -17.600704 157.269602
v -5.622646 -16.790897 156.304511
v -6.165481 -15.870851 155.208042
v -6.350000 -14.894036 154.043919
v -6.165481 -13.917220 152.879797
v -5.622646 -12.997174 151.783328
v -4.753043 -12.187367 150.818237
v -3.607211 -11.534861 150.040611
v -2.251741 -11.077579 149.495643
v -0.765408 -10.842094 149.215004
v 0.765408 -10.842094 149.215004
v 2.251741 -11.077579 149.495643
v 3.607211 -11.534861 150.040611
v 4.753043 -12.187367 150.818237
v 5.622646 -12.997174 151.783328
v 6.165481 -13.917220 152.879797
v 4.762500 -14.894036 154.043919
v 4.624110 -14.161424 153.170827
v 4.216984 -13.471390 152.348476
v 3.564782 -12.864034 151.624658
v 2.705408 -12.374655 151.041438
v 1.688806 -12.031693 150.632712
v 0.574056 -11.855080 150.422233
v -0.574056 -11.855080 150.422233
v -1.688806 -12.031693 150.632712
v -2.705408 -12.374655 151.041438
v -3.564782 -12.864034 151.624658
v -4.216984 -13.471390 152.348476
v -4.624110 -14.161424 153.170827
v -4.762500 -14.894036 154.043919
v -4.624110 -15.626647 154.917012
v -4.216984 -16.316681 155.739363
v -3.564782 -16.924037 156.463181
v -2.705408 -17.413416 157.046401
v -1.688806 -17.756378 157.455127
v -0.574056 -17.932991 157.665606
v 0.574056 -17.932991 157.665606
v 1.688806 -17.756378 157.455127
v 2.705408 -17.413416 157.046401
v 3.564782 -16.924037 156.463181
v 4.216984 -16.316681 155.739363
v 4.624110 -15.626647 154.917012
f 3050 3019 3018
f 3051 3018 3017
f 3051 3050 3018
f 3049 3020 3019
f 3049 3019 3050
f 3052 3017 3016
f 3052 3051 3017
f 3048 3021 3020
f 3048 3020 3049
f 3053 3016 3015
f 3053 3052 3016
f 3047 3021 3048
f 3022 3021 3047
f 3054 3015 3014
f 3054 3053 3015
f 3046 3022 3047
f 3055 3014 3013
f 3055 3054 3014
f 3023 3022 3046
f 3045 3023 3046
f 3056 3013 3012
f 3056 3055 3013
f 3024 3023 3045
f 3044 3024 3045
f 3011 3056 3012
f 3011 3057 3056
f 3025 3044 3043
f 3025 3024 3044
f 3058 3057 3011
f 3010 3058 3011
f 3059 3058 3010
f 3026 3025 3043
f 3026 3043 3042
f 3009 3059 3010
f 3027 3026 3042
f 3027 3042 3041
f 3008 3059 3009
f 3008 3034 3059
f 3028 3041 3040
f 3028 3027 3041
f 3033 3035 3034
f 3033 3034 3008
f 3033 3036 3035
f 3029 3028 3040
f 3029 3040 3039
f 3032 3036 3033
f 3030 3039 3038
f 3030 3029 3039
f 3031 3030 3038
f 3031 3037 3036
f 3031 3038 3037
f 3031 3036 3032
v -13.588798 0.513148 156.451479
v -12.735122 0.192231 155.421837
v -11.858050 0.186613 154.377762
v -10.980372 0.497461 153.344252
v -10.461979 0.834137 152.751627
v -9.800338 1.429151 152.048558
v -9.892459 0.477867 152.048558
v -9.892459 -0.477867 152.048558
v -9.800338 -1.429151 152.048558
v -13.589047 -0.514240 156.450935
v -12.704681 -0.187897 155.387941
v -11.813999 -0.195367 154.326711
v -10.914523 -0.532290 153.268314
v -10.341222 -0.926471 152.618922
v -15.585197 -3.586635 159.304642
v -15.153843 -2.303225 158.512379
v -14.466670 -1.247598 157.550135
v -14.039573 -0.828768 157.006215
v -15.947135 -1.204659 159.304642
v -15.947135 1.204659 159.304642
v -15.585197 3.586635 159.304642
v -15.233693 2.473172 158.632996
v -14.873191 1.792930 158.098514
v -14.282565 1.049709 157.311432
f 3064 3066 3065
f 3073 3068 3067
f 3072 3064 3063
f 3072 3067 3066
f 3072 3066 3064
f 3072 3073 3067
f 3071 3063 3062
f 3071 3072 3063
f 3070 3062 3061
f 3070 3071 3062
f 3069 3061 3060
f 3069 3070 3061
f 3077 3060 3083
f 3077 3069 3060
f 3076 3083 3082
f 3076 3077 3083
f 3079 3081 3080
f 3079 3082 3081
f 3079 3076 3082
f 3078 3075 3076
f 3078 3076 3079
f 3074 3075 3078
v -9.723613 -12.946279 154.043919
v -10.661820 -13.274888 155.208042
v -11.730020 -13.264802 156.304511
v -12.866135 -12.916608 157.269602
v -14.004138 -12.250541 158.047228
v -15.077891 -11.305311 158.592196
v -16.024993 -10.135851 158.872835
v -16.790401 -8.810126 158.872835
v -17.329632 -7.405181 158.592196
v -17.611349 -6.002668 158.047228
v -17.619179 -4.684096 157.269602
v -17.352666 -3.526094 156.304511
v -16.827300 -2.595963 155.208042
v -16.073613 -1.947756 154.043919
v -15.135407 -1.619147 152.879797
v -14.067206 -1.629233 151.783328
v -12.931091 -1.977427 150.818237
v -11.793088 -2.643494 150.040611
v -10.719335 -3.588724 149.495643
v -9.772233 -4.758185 149.215004
v -9.006825 -6.083910 149.215004
v -8.467594 -7.488854 149.495643
v -8.185877 -8.891367 150.040611
v -8.178048 -10.209940 150.818237
v -8.444560 -11.367941 151.783328
v -8.969926 -12.298073 152.879797
v -10.517363 -11.571464 154.043919
v -9.952098 -11.085309 153.170827
v -9.558074 -10.387710 152.348476
v -9.358189 -9.519209 151.624658
v -9.364061 -8.530280 151.041438
v -9.575349 -7.478395 150.632712
v -9.979772 -6.424687 150.422233
v -10.553828 -5.430393 150.422233
v -11.264154 -4.553298 150.632712
v -12.069470 -3.844375 151.041438
v -12.922972 -3.344825 151.624658
v -13.775058 -3.083679 152.348476
v -14.576208 -3.076115 153.170827
v -15.279863 -3.322572 154.043919
v -15.845128 -3.808726 154.917012
v -16.239153 -4.506325 155.739363
v -16.439037 -5.374826 156.463181
v -16.433165 -6.363756 157.046401
v -16.221878 -7.415640 157.455127
v -15.817454 -8.469349 157.665606
v -15.243398 -9.463643 157.665606
v -14.533072 -10.340738 157.455127
v -13.727757 -11.049661 157.046401
v -12.874255 -11.549211 156.463181
v -12.022168 -11.810356 155.739363
v -11.221018 -11.817921 154.917012
f 3112 3109 3108
f 3111 3084 3109
f 3111 3109 3112
f 3113 3108 3107
f 3113 3112 3108
f 3110 3085 3084
f 3110 3084 3111
f 3114 3107 3106
f 3114 3113 3107
f 3135 3086 3085
f 3135 3085 3110
f 3115 3106 3105
f 3115 3114 3106
f 3134 3086 3135
f 3087 3086 3134
f 3116 3105 3104
f 3116 3115 3105
f 3133 3087 3134
f 3117 3104 3103
f 3117 3116 3104
f 3088 3087 3133
f 3132 3088 3133
f 3118 3103 3102
f 3118 3117 3103
f 3089 3132 3131
f 3089 3088 3132
f 3119 3118 3102
f 3101 3119 3102
f 3090 3089 3131
f 3090 3131 3130
f 3100 3119 3101
f 3100 3120 3119
f 3121 3120 3100
f 3091 3090 3130
f 3091 3130 3129
f 3099 3121 3100
f 3099 3122 3121
f 3092 3091 3129
f 3092 3129 3128
f 3098 3122 3099
f 3098 3123 3122
f 3093 3092 3128
f 3093 3128 3127
f 3097 3124 3123
f 3097 3123 3098
f 3094 3127 3126
f 3094 3093 3127
f 3096 3124 3097
f 3095 3094 3126
f 3095 3125 3124
f 3095 3126 3125
f 3095 3124 3096
v 11.301083 19.574049 130.322448
v 11.303827 19.578802 130.588879
v 11.339598 19.640761 130.853378
v 11.395007 19.736732 131.063554
v 11.469837 19.866340 131.249476
v -11.469837 19.866340 131.249476
v -11.301083 19.574049 130.322448
v -11.303827 19.578802 130.588879
v -11.339598 19.640761 130.853378
v -11.395007 19.736732 131.063554
f 3139 3141 3140
f 3139 3145 3141
f 3138 3143 3144
f 3138 3144 3145
f 3138 3145 3139
f 3137 3142 3143
f 3137 3143 3138
f 3136 3142 3137
v -11.301083 19.574049 130.322448
v -11.303827 19.578802 130.588879
v -11.339598 19.640761 130.853378
v -11.395007 19.736732 131.063554
v -11.469837 19.866340 131.249476
v -22.939674 -0.000000 131.249476
v -22.602165 -0.000000 130.322448
v -22.607654 -0.000000 130.588879
v -22.679197 -0.000000 130.853378
v -22.790015 -0.000000 131.063554
f 3150 3155 3151
f 3149 3154 3155
f 3149 3155 3150
f 3148 3153 3154
f 3148 3154 3149
f 3147 3152 3153
f 3147 3153 3148
f 3146 3152 3147
v -11.469837 -19.866340 131.249476
v -11.375893 -19.703624 131.001757
v -11.321042 -19.608620 130.747033
v -11.300616 -19.573242 130.534168
v -11.301083 -19.574049 130.322448
v 11.469837 -19.866340 131.249476
v 11.301083 -19.574049 130.322448
v 11.303827 -19.578802 130.588879
v 11.339598 -19.640761 130.853378
v 11.395007 -19.736732 131.063554
f 3156 3165 3161
f 3157 3164 3165
f 3157 3165 3156
f 3158 3163 3164
f 3158 3164 3157
f 3159 3162 3163
f 3159 3163 3158
f 3160 3162 3159
v 11.301083 -19.574049 130.322448
v 11.303827 -19.578802 130.588879
v 11.339598 -19.640761 130.853378
v 11.395007 -19.736732 131.063554
v 11.469837 -19.866340 131.249476
v 22.939674 -0.000000 131.249476
v 22.602165 -0.000000 130.322448
v 22.607654 -0.000000 130.588879
v 22.679197 -0.000000 130.853378
v 22.790015 -0.000000 131.063554
f 3169 3171 3170
f 3169 3175 3171
f 3168 3174 3175
f 3168 3175 3169
f 3167 3173 3174
f 3167 3174 3168
f 3166 3172 3173
f 3166 3173 3167
v -22.602165 -0.000000 130.322448
v -22.607654 -0.000000 130.588879
v -22.679197 -0.000000 130.853378
v -22.790015 -0.000000 131.063554
v -22.939674 -0.000000 131.249476
v -11.469837 -19.866340 131.249476
v -11.375893 -19.703624 131.001757
v -11.321042 -19.608620 130.747033
v -11.300616 -19.573242 130.534168
v -11.301083 -19.574049 130.322448
f 3179 3181 3180
f 3179 3182 3181
f 3178 3183 3182
f 3178 3182 3179
f 3177 3184 3183
f 3177 3183 3178
f 3176 3185 3184
f 3176 3184 3177
v 22.602165 -0.000000 130.322448
v 22.607654 -0.000000 130.588879
v 22.679197 -0.000000 130.853378
v 22.790015 -0.000000 131.063554
v 22.939674 -0.000000 131.249476
v 11.469837 19.866340 131.249476
v 11.301083 19.574049 130.322448
v 11.303827 19.578802 130.588879
v 11.339598 19.640761 130.853378
v 11.395007 19.736732 131.063554
f 3190 3195 3191
f 3189 3194 3195
f 3189 3195 3190
f 3188 3194 3189
f 3187 3193 3194
f 3187 3194 3188
f 3186 3192 3193
f 3186 3193 3187
v 11.560213 20.022876 129.460260
v 15.875000 27.496307 123.189307
v 31.750000 -0.000000 123.189307
v 31.612338 2.953406 122.050243
v 31.189106 5.941565 121.104116
v 30.522882 8.741636 120.413480
v 29.616552 11.442132 119.939101
v 28.481882 14.030142 119.677845
v 27.129478 16.494057 119.626877
v 25.383288 19.072263 119.814116
v 23.392867 21.467098 120.255765
v 21.170063 23.662015 120.950159
v 18.727471 25.638727 121.895816
v 17.316982 26.611739 122.512566
v 23.120426 -0.000000 129.460260
f 3210 3198 3199
f 3210 3199 3200
f 3210 3200 3201
f 3202 3210 3201
f 3203 3210 3202
f 3204 3210 3203
f 3196 3204 3205
f 3196 3205 3206
f 3196 3206 3207
f 3196 3207 3208
f 3196 3208 3209
f 3196 3210 3204
f 3197 3196 3209
v 23.120426 -0.000000 129.460260
v 31.750000 -0.000000 123.189307
v 15.875000 -27.496307 123.189307
v 18.363894 -25.900384 122.050243
v 20.740099 -24.039775 121.104116
v 22.831920 -22.062773 120.413480
v 24.717452 -19.927620 119.939101
v 26.391401 -17.650963 119.677845
v 27.849011 -15.247789 119.626877
v 29.208708 -12.446441 119.814116
v 30.287485 -9.525268 120.255765
v 31.076937 -6.502804 120.950159
v 31.567524 -3.399103 121.895816
v 31.704933 -1.691077 122.512566
v 11.560213 -20.022876 129.460260
f 3225 3213 3214
f 3225 3214 3215
f 3225 3215 3216
f 3225 3216 3217
f 3225 3217 3218
f 3225 3218 3219
f 3211 3219 3220
f 3211 3220 3221
f 3211 3221 3222
f 3211 3222 3223
f 3211 3223 3224
f 3211 3224 3212
f 3211 3225 3219
v 11.560213 -20.022876 129.460260
v 15.875000 -27.496307 123.189307
v 13.248444 -28.853791 122.050243
v 10.449007 -29.981340 121.104116
v 7.690962 -30.804409 120.413480
v 4.899099 -31.369752 119.939101
v 2.090482 -31.681105 119.677845
v -0.719533 -31.741846 119.626877
v -3.825420 -31.518703 119.814116
v -6.894619 -30.992366 120.255765
v -9.906875 -30.164819 120.950159
v -12.840053 -29.037829 121.895816
v -14.387951 -28.302816 122.512566
v -15.875000 -27.496307 123.189307
v -11.560213 -20.022876 129.460260
f 3226 3228 3227
f 3226 3229 3228
f 3226 3230 3229
f 3226 3231 3230
f 3226 3232 3231
f 3226 3233 3232
f 3240 3234 3233
f 3240 3235 3234
f 3240 3236 3235
f 3240 3237 3236
f 3240 3238 3237
f 3240 3239 3238
f 3240 3233 3226
v -15.875000 -27.496307 123.189307
v -11.560213 -20.022876 129.460260
v -31.750000 -0.000000 123.189307
v -31.612338 -2.953406 122.050243
v -31.189106 -5.941565 121.104116
v -30.522882 -8.741636 120.413480
v -29.616552 -11.442132 119.939101
v -28.481882 -14.030142 119.677845
v -27.129478 -16.494057 119.626877
v -25.383288 -19.072263 119.814116
v -23.392867 -21.467098 120.255765
v -21.170063 -23.662015 120.950159
v -18.727471 -25.638727 121.895816
v -17.316982 -26.611739 122.512566
v -23.120426 -0.000000 129.460260
f 3244 3255 3243
f 3245 3255 3244
f 3254 3241 3242
f 3246 3255 3245
f 3253 3254 3242
f 3247 3255 3246
f 3252 3253 3242
f 3248 3255 3247
f 3251 3252 3242
f 3249 3242 3255
f 3249 3255 3248
f 3250 3242 3249
f 3250 3251 3242
v -31.750000 -0.000000 88.366600
v -31.750000 -0.000000 123.189307
v 31.750000 -0.000000 88.366600
v 31.550363 -3.554872 88.366600
v 30.953961 -7.065040 88.366600
v 29.968296 -10.486360 88.366600
v 28.605762 -13.775809 88.366600
v 26.883493 -16.892018 88.366600
v 24.823150 -19.795801 88.366600
v 22.450640 -22.450640 88.366600
v 19.795801 -24.823150 88.366600
v 16.892018 -26.883493 88.366600
v 13.775809 -28.605762 88.366600
v 10.486360 -29.968296 88.366600
v 7.065040 -30.953961 88.366600
v 3.554872 -31.550363 88.366600
v 0.000000 -31.750000 88.366600
v -3.554872 -31.550363 88.366600
v -7.065040 -30.953961 88.366600
v -10.486360 -29.968296 88.366600
v -13.775809 -28.605762 88.366600
v -16.892018 -26.883493 88.366600
v -19.795801 -24.823150 88.366600
v -22.450640 -22.450640 88.366600
v -24.823150 -19.795801 88.366600
v -26.883493 -16.892018 88.366600
v -28.605762 -13.775809 88.366600
v -29.968296 -10.486360 88.366600
v -30.953961 -7.065040 88.366600
v -31.550363 -3.554872 88.366600
v 31.750000 -0.000000 123.189307
v 15.875000 -27.496307 123.189307
v 18.363894 -25.900384 122.050243
v 20.740099 -24.039775 121.104116
v 22.831920 -22.062773 120.413480
v 24.717452 -19.927620 119.939101
v 26.391401 -17.650963 119.677845
v 27.849011 -15.247789 119.626877
v 29.208708 -12.446441 119.814116
v 30.287485 -9.525268 120.255765
v 31.076937 -6.502804 120.950159
v 31.567524 -3.399103 121.895816
v 31.704933 -1.691077 122.512566
v 13.248444 -28.853791 122.050243
v 10.449007 -29.981340 121.104116
v 7.690962 -30.804409 120.413480
v 4.899099 -31.369752 119.939101
v 2.090482 -31.681105 119.677845
v -0.719533 -31.741846 119.626877
v -3.825420 -31.518703 119.814116
v -6.894619 -30.992366 120.255765
v -9.906875 -30.164819 120.950159
v -12.840053 -29.037829 121.895816
v -14.387951 -28.302816 122.512566
v -15.875000 -27.496307 123.189307
v -31.612338 -2.953406 122.050243
v -31.189106 -5.941565 121.104116
v -30.522882 -8.741636 120.413480
v -29.616552 -11.442132 119.939101
v -28.481882 -14.030142 119.677845
v -27.129478 -16.494057 119.626877
v -25.383288 -19.072263 119.814116
v -23.392867 -21.467098 120.255765
v -21.170063 -23.662015 120.950159
v -18.727471 -25.638727 121.895816
v -17.316982 -26.611739 122.512566
f 3311 3257 3256
f 3311 3256 3285
f 3312 3285 3284
f 3312 3311 3285
f 3313 3284 3283
f 3313 3312 3284
f 3314 3283 3282
f 3314 3313 3283
f 3315 3314 3282
f 3316 3282 3281
f 3316 3315 3282
f 3317 3281 3280
f 3317 3316 3281
f 3318 3280 3279
f 3318 3317 3280
f 3319 3318 3279
f 3319 3279 3278
f 3320 3319 3278
f 3320 3278 3277
f 3321 3320 3277
f 3310 3321 3277
f 3310 3277 3276
f 3309 3310 3276
f 3308 3309 3276
f 3308 3276 3275
f 3307 3275 3274
f 3307 3308 3275
f 3306 3307 3274
f 3305 3274 3273
f 3305 3306 3274
f 3304 3273 3272
f 3304 3305 3273
f 3303 3272 3271
f 3303 3304 3272
f 3302 3271 3270
f 3302 3303 3271
f 3301 3270 3269
f 3301 3302 3270
f 3300 3301 3269
f 3299 3269 3268
f 3299 3300 3269
f 3287 3268 3267
f 3287 3299 3268
f 3288 3267 3266
f 3288 3287 3267
f 3289 3266 3265
f 3289 3288 3266
f 3290 3265 3264
f 3290 3289 3265
f 3291 3290 3264
f 3292 3264 3263
f 3292 3291 3264
f 3293 3263 3262
f 3293 3292 3263
f 3294 3262 3261
f 3294 3293 3262
f 3295 3261 3260
f 3295 3294 3261
f 3296 3260 3259
f 3296 3295 3260
f 3297 3296 3259
f 3298 3259 3258
f 3298 3297 3259
f 3286 3298 3258
v -23.120426 -0.000000 129.460260
v -31.750000 -0.000000 123.189307
v -15.875000 27.496307 123.189307
v -18.363894 25.900384 122.050243
v -20.740099 24.039775 121.104116
v -22.831920 22.062773 120.413480
v -24.717452 19.927620 119.939101
v -26.391401 17.650963 119.677845
v -27.849011 15.247789 119.626877
v -29.208708 12.446441 119.814116
v -30.287485 9.525268 120.255765
v -31.076937 6.502804 120.950159
v -31.567524 3.399103 121.895816
v -31.704933 1.691077 122.512566
v -11.560213 20.022876 129.460260
f 3336 3324 3325
f 3326 3336 3325
f 3327 3336 3326
f 3328 3336 3327
f 3329 3336 3328
f 3330 3336 3329
f 3322 3330 3331
f 3322 3331 3332
f 3322 3336 3330
f 3333 3322 3332
f 3334 3322 3333
f 3335 3322 3334
f 3323 3322 3335
v -11.560213 20.022876 129.460260
v -15.875000 27.496307 123.189307
v 15.875000 27.496307 123.189307
v 13.248444 28.853791 122.050243
v 10.449007 29.981340 121.104116
v 7.690962 30.804409 120.413480
v 4.899099 31.369752 119.939101
v 2.090482 31.681105 119.677845
v -0.719533 31.741846 119.626877
v -3.825420 31.518703 119.814116
v -6.894619 30.992366 120.255765
v -9.906875 30.164819 120.950159
v -12.840053 29.037829 121.895816
v -14.387951 28.302816 122.512566
v 11.560213 20.022876 129.460260
f 3351 3339 3340
f 3351 3340 3341
f 3351 3341 3342
f 3351 3342 3343
f 3351 3343 3344
f 3351 3344 3345
f 3337 3345 3346
f 3337 3346 3347
f 3337 3347 3348
f 3337 3348 3349
f 3337 3349 3350
f 3337 3350 3338
f 3337 3351 3345
v -6.349179 -12.025574 156.450929
v -6.169251 -13.106358 157.507652
v -5.761010 -13.998296 158.282191
v -5.394209 -14.535748 158.718279
v -4.686482 -15.290494 159.304642
v -6.930303 -14.412954 159.304642
v -9.016833 -13.208295 159.304642
v -10.898716 -11.703859 159.304642
v -7.238798 -11.511670 156.451479
v -8.177990 -11.875845 157.429647
v -9.316350 -11.984507 158.335830
v -10.095090 -11.905606 158.847914
v -6.137851 -7.772766 152.048558
v -5.927261 -8.914772 153.003636
v -5.999076 -9.867184 154.007495
v -6.276619 -10.573842 154.899669
v -6.671371 -11.083086 155.661944
v -5.360075 -8.328187 152.048558
v -4.532384 -8.806054 152.048558
v -3.662488 -9.201918 152.048558
v -4.723699 -9.577740 152.964716
v -5.358171 -9.967188 153.729581
v -5.851351 -10.469738 154.536539
v -6.203351 -11.131823 155.429607
v -6.312642 -11.561964 155.942021
f 3365 3369 3364
f 3370 3369 3365
f 3372 3371 3370
f 3372 3370 3365
f 3373 3365 3366
f 3373 3372 3365
f 3374 3373 3366
f 3367 3374 3366
f 3375 3367 3368
f 3375 3374 3367
f 3376 3368 3360
f 3376 3375 3368
f 3352 3360 3361
f 3352 3376 3360
f 3353 3352 3361
f 3358 3361 3362
f 3358 3362 3363
f 3358 3363 3359
f 3358 3353 3361
f 3357 3354 3353
f 3357 3353 3358
f 3355 3354 3357
f 3356 3355 3357
v -6.137851 -7.772766 149.326600
v -4.503522 -8.820850 149.326600
v -2.696126 -9.529953 149.326600
v -0.785119 -9.872826 149.326600
v 1.156060 -9.836291 149.326600
v 3.052812 -9.421754 149.326600
v 4.832246 -8.645143 149.326600
v 6.425979 -7.536305 149.326600
v 7.772766 -6.137851 149.326600
v 8.820850 -4.503522 149.326600
v 9.529953 -2.696126 149.326600
v 9.872826 -0.785119 149.326600
v 9.836291 1.156060 149.326600
v 9.421754 3.052812 149.326600
v 8.645143 4.832246 149.326600
v 7.536305 6.425979 149.326600
v 6.137851 7.772766 149.326600
v 4.503522 8.820850 149.326600
v 2.696126 9.529953 149.326600
v 0.785119 9.872826 149.326600
v -1.156060 9.836291 149.326600
v -3.052812 9.421754 149.326600
v -4.832246 8.645143 149.326600
v -6.425979 7.536305 149.326600
v -7.772766 6.137851 149.326600
v -8.820850 4.503522 149.326600
v -9.529953 2.696126 149.326600
v -9.872826 0.785119 149.326600
v -9.836291 -1.156060 149.326600
v -9.421754 -3.052812 149.326600
v -8.645143 -4.832246 149.326600
v -7.536305 -6.425979 149.326600
f 3382 3383 3384
f 3382 3384 3385
f 3388 3385 3386
f 3388 3386 3387
f 3388 3382 3385
f 3379 3380 3381
f 3379 3381 3382
f 3379 3382 3388
f 3390 3388 3389
f 3391 3379 3388
f 3391 3388 3390
f 3408 3377 3378
f 3407 3408 3378
f 3405 3406 3407
f 3405 3407 3378
f 3396 3394 3395
f 3403 3378 3379
f 3403 3391 3392
f 3403 3392 3393
f 3403 3404 3405
f 3403 3379 3391
f 3403 3405 3378
f 3398 3396 3397
f 3398 3394 3396
f 3399 3393 3394
f 3399 3402 3403
f 3399 3403 3393
f 3399 3394 3398
f 3400 3401 3402
f 3400 3402 3399
v -35.745199 17.259300 88.366600
v -36.553655 17.357464 88.366600
v -37.315126 17.646252 88.366600
v -37.985360 18.108881 88.366600
v -38.525403 18.718464 88.366600
v -38.903870 19.439574 88.366600
v -39.098768 20.230303 88.366600
v -39.098768 21.044697 88.366600
v -38.903870 21.835426 88.366600
v -38.525403 22.556536 88.366600
v -37.985360 23.166119 88.366600
v -37.315126 23.628748 88.366600
v -36.553655 23.917536 88.366600
v -35.745199 24.015700 88.366600
v -35.745199 24.015700 78.841600
v -36.553655 23.917536 78.841600
v -37.315126 23.628748 78.841600
v -37.985360 23.166119 78.841600
v -38.525403 22.556536 78.841600
v -38.903870 21.835426 78.841600
v -39.098768 21.044697 78.841600
v -39.098768 20.230303 78.841600
v -38.903870 19.439574 78.841600
v -38.525403 18.718464 78.841600
v -37.985360 18.108881 78.841600
v -37.315126 17.646252 78.841600
v -36.553655 17.357464 78.841600
v -35.745199 17.259300 78.841600
f 3422 3424 3423
f 3421 3425 3424
f 3421 3424 3422
f 3420 3426 3425
f 3420 3425 3421
f 3419 3427 3426
f 3419 3426 3420
f 3418 3428 3427
f 3418 3427 3419
f 3417 3429 3428
f 3417 3428 3418
f 3416 3430 3429
f 3416 3429 3417
f 3415 3431 3430
f 3415 3430 3416
f 3414 3432 3431
f 3414 3431 3415
f 3413 3432 3414
f 3412 3433 3432
f 3412 3432 3413
f 3411 3434 3433
f 3411 3433 3412
f 3410 3435 3434
f 3410 3436 3435
f 3410 3434 3411
f 3409 3436 3410
v 35.745199 17.259300 88.366600
v 34.936742 17.357464 88.366600
v 34.175271 17.646252 88.366600
v 33.505038 18.108881 88.366600
v 32.964994 18.718464 88.366600
v 32.586527 19.439574 88.366600
v 32.391629 20.230303 88.366600
v 32.391629 21.044697 88.366600
v 32.586527 21.835426 88.366600
v 32.964994 22.556536 88.366600
v 33.505038 23.166119 88.366600
v 34.175271 23.628748 88.366600
v 34.936742 23.917536 88.366600
v 35.745199 24.015700 88.366600
v 35.745199 24.015700 78.841600
v 34.936742 23.917536 78.841600
v 34.175271 23.628748 78.841600
v 33.505038 23.166119 78.841600
v 32.964994 22.556536 78.841600
v 32.586527 21.835426 78.841600
v 32.391629 21.044697 78.841600
v 32.391629 20.230303 78.841600
v 32.586527 19.439574 78.841600
v 32.964994 18.718464 78.841600
v 33.505038 18.108881 78.841600
v 34.175271 17.646252 78.841600
v 34.936742 17.357464 78.841600
v 35.745199 17.259300 78.841600
f 3450 3452 3451
f 3449 3453 3452
f 3449 3452 3450
f 3448 3454 3453
f 3448 3453 3449
f 3447 3455 3454
f 3447 3454 3448
f 3446 3456 3455
f 3446 3455 3447
f 3445 3457 3456
f 3445 3456 3446
f 3444 3458 3457
f 3444 3457 3445
f 3443 3459 3458
f 3443 3458 3444
f 3442 3460 3459
f 3442 3459 3443
f 3441 3460 3442
f 3440 3461 3460
f 3440 3460 3441
f 3439 3462 3461
f 3439 3461 3440
f 3438 3463 3462
f 3438 3464 3463
f 3438 3462 3439
f 3437 3464 3438
v -0.000000 -44.653200 88.366600
v -0.808456 -44.555036 88.366600
v -1.569928 -44.266248 88.366600
v -2.240161 -43.803619 88.366600
v -2.780204 -43.194036 88.366600
v -3.158672 -42.472926 88.366600
v -3.353569 -41.682197 88.366600
v -3.353569 -40.867803 88.366600
v -3.158672 -40.077074 88.366600
v -2.780204 -39.355964 88.366600
v -2.240161 -38.746381 88.366600
v -1.569928 -38.283752 88.366600
v -0.808456 -37.994964 88.366600
v -0.000000 -37.896800 88.366600
v -0.000000 -37.896800 78.841600
v -0.808456 -37.994964 78.841600
v -1.569928 -38.283752 78.841600
v -2.240161 -38.746381 78.841600
v -2.780204 -39.355964 78.841600
v -3.158672 -40.077074 78.841600
v -3.353569 -40.867803 78.841600
v -3.353569 -41.682197 78.841600
v -3.158672 -42.472926 78.841600
v -2.780204 -43.194036 78.841600
v -2.240161 -43.803619 78.841600
v -1.569928 -44.266248 78.841600
v -0.808456 -44.555036 78.841600
v -0.000000 -44.653200 78.841600
f 3478 3480 3479
f 3477 3481 3480
f 3477 3480 3478
f 3476 3482 3481
f 3476 3481 3477
f 3475 3483 3482
f 3475 3482 3476
f 3474 3484 3483
f 3474 3483 3475
f 3473 3485 3484
f 3473 3484 3474
f 3472 3486 3485
f 3472 3485 3473
f 3471 3486 3472
f 3470 3487 3486
f 3470 3488 3487
f 3470 3486 3471
f 3469 3489 3488
f 3469 3488 3470
f 3468 3489 3469
f 3467 3490 3489
f 3467 3489 3468
f 3466 3491 3490
f 3466 3492 3491
f 3466 3490 3467
f 3465 3492 3466
v 35.745199 -24.015700 88.366600
v 34.936742 -23.917536 88.366600
v 34.175271 -23.628748 88.366600
v 33.505038 -23.166119 88.366600
v 32.964994 -22.556536 88.366600
v 32.586527 -21.835426 88.366600
v 32.391629 -21.044697 88.366600
v 32.391629 -20.230303 88.366600
v 32.586527 -19.439574 88.366600
v 32.964994 -18.718464 88.366600
v 33.505038 -18.108881 88.366600
v 34.175271 -17.646252 88.366600
v 34.936742 -17.357464 88.366600
v 35.745199 -17.259300 88.366600
v 35.745199 -17.259300 78.841600
v 34.936742 -17.357464 78.841600
v 34.175271 -17.646252 78.841600
v 33.505038 -18.108881 78.841600
v 32.964994 -18.718464 78.841600
v 32.586527 -19.439574 78.841600
v 32.391629 -20.230303 78.841600
v 32.391629 -21.044697 78.841600
v 32.586527 -21.835426 78.841600
v 32.964994 -22.556536 78.841600
v 33.505038 -23.166119 78.841600
v 34.175271 -23.628748 78.841600
v 34.936742 -23.917536 78.841600
v 35.745199 -24.015700 78.841600
f 3506 3508 3507
f 3505 3509 3508
f 3505 3508 3506
f 3504 3510 3509
f 3504 3509 3505
f 3503 3511 3510
f 3503 3510 3504
f 3502 3512 3511
f 3502 3511 3503
f 3501 3513 3512
f 3501 3512 3502
f 3500 3514 3513
f 3500 3513 3501
f 3499 3515 3514
f 3499 3514 3500
f 3498 3516 3515
f 3498 3515 3499
f 3497 3516 3498
f 3496 3517 3516
f 3496 3516 3497
f 3495 3518 3517
f 3495 3517 3496
f 3494 3519 3518
f 3494 3520 3519
f 3494 3518 3495
f 3493 3520 3494
v -0.000000 37.896800 88.366600
v -0.808456 37.994964 88.366600
v -1.569928 38.283752 88.366600
v -2.240161 38.746381 88.366600
v -2.780204 39.355964 88.366600
v -3.158672 40.077074 88.366600
v -3.353569 40.867803 88.366600
v -3.353569 41.682197 88.366600
v -3.158672 42.472926 88.366600
v -2.780204 43.194036 88.366600
v -2.240161 43.803619 88.366600
v -1.569928 44.266248 88.366600
v -0.808456 44.555036 88.366600
v 0.000000 44.653200 88.366600
v 0.000000 44.653200 78.841600
v -0.808456 44.555036 78.841600
v -1.569928 44.266248 78.841600
v -2.240161 43.803619 78.841600
v -2.780204 43.194036 78.841600
v -3.158672 42.472926 78.841600
v -3.353569 41.682197 78.841600
v -3.353569 40.867803 78.841600
v -3.158672 40.077074 78.841600
v -2.780204 39.355964 78.841600
v -2.240161 38.746381 78.841600
v -1.569928 38.283752 78.841600
v -0.808456 37.994964 78.841600
v -0.000000 37.896800 78.841600
f 3534 3536 3535
f 3533 3537 3536
f 3533 3536 3534
f 3532 3538 3537
f 3532 3537 3533
f 3531 3539 3538
f 3531 3538 3532
f 3530 3540 3539
f 3530 3539 3531
f 3529 3541 3540
f 3529 3540 3530
f 3528 3542 3541
f 3528 3541 3529
f 3527 3542 3528
f 3526 3543 3542
f 3526 3544 3543
f 3526 3542 3527
f 3525 3545 3544
f 3525 3544 3526
f 3524 3545 3525
f 3523 3546 3545
f 3523 3545 3524
f 3522 3547 3546
f 3522 3548 3547
f 3522 3546 3523
f 3521 3548 3522
v -35.745199 -24.015700 88.366600
v -36.553655 -23.917536 88.366600
v -37.315126 -23.628748 88.366600
v -37.985360 -23.166119 88.366600
v -38.525403 -22.556536 88.366600
v -38.903870 -21.835426 88.366600
v -39.098768 -21.044697 88.366600
v -39.098768 -20.230303 88.366600
v -38.903870 -19.439574 88.366600
v -38.525403 -18.718464 88.366600
v -37.985360 -18.108881 88.366600
v -37.315126 -17.646252 88.366600
v -36.553655 -17.357464 88.366600
v -35.745199 -17.259300 88.366600
v -35.745199 -17.259300 78.841600
v -36.553655 -17.357464 78.841600
v -37.315126 -17.646252 78.841600
v -37.985360 -18.108881 78.841600
v -38.525403 -18.718464 78.841600
v -38.903870 -19.439574 78.841600
v -39.098768 -20.230303 78.841600
v -39.098768 -21.044697 78.841600
v -38.903870 -21.835426 78.841600
v -38.525403 -22.556536 78.841600
v -37.985360 -23.166119 78.841600
v -37.315126 -23.628748 78.841600
v -36.553655 -23.917536 78.841600
v -35.745199 -24.015700 78.841600
f 3562 3564 3563
f 3561 3565 3564
f 3561 3564 3562
f 3560 3566 3565
f 3560 3565 3561
f 3559 3567 3566
f 3559 3566 3560
f 3558 3568 3567
f 3558 3567 3559
f 3557 3569 3568
f 3557 3568 3558
f 3556 3570 3569
f 3556 3569 3557
f 3555 3571 3570
f 3555 3570 3556
f 3554 3572 3571
f 3554 3571 3555
f 3553 3572 3554
f 3552 3573 3572
f 3552 3572 3553
f 3551 3574 3573
f 3551 3573 3552
f 3550 3575 3574
f 3550 3576 3575
f 3550 3574 3551
f 3549 3576 3550
v -57.150000 -0.000000 78.841600
v -57.150000 -0.000000 88.366600
v -56.954804 -4.719410 78.841600
v -56.370548 -9.406581 78.841600
v -55.401225 -14.029496 78.841600
v -54.053455 -18.556575 78.841600
v -52.336446 -22.956894 78.841600
v -50.261925 -27.200394 78.841600
v -47.844064 -31.258087 78.841600
v -45.099380 -35.102257 78.841600
v -42.046621 -38.706642 78.841600
v -38.706642 -42.046621 78.841600
v -35.102257 -45.099380 78.841600
v -31.258087 -47.844064 78.841600
v -27.200394 -50.261925 78.841600
v -22.956894 -52.336446 78.841600
v -18.556575 -54.053455 78.841600
v -14.029496 -55.401225 78.841600
v -9.406581 -56.370548 78.841600
v -4.719410 -56.954804 78.841600
v -0.000000 -57.150000 78.841600
v 4.719410 -56.954804 78.841600
v 9.406581 -56.370548 78.841600
v 14.029496 -55.401225 78.841600
v 18.556575 -54.053455 78.841600
v 22.956894 -52.336446 78.841600
v 27.200394 -50.261925 78.841600
v 31.258087 -47.844064 78.841600
v 35.102257 -45.099380 78.841600
v 38.706642 -42.046621 78.841600
v 42.046621 -38.706642 78.841600
v 45.099380 -35.102257 78.841600
v 47.844064 -31.258087 78.841600
v 50.261925 -27.200394 78.841600
v 52.336446 -22.956894 78.841600
v 54.053455 -18.556575 78.841600
v 55.401225 -14.029496 78.841600
v 56.370548 -9.406581 78.841600
v 56.954804 -4.719410 78.841600
v 57.150000 -0.000000 78.841600
v 57.150000 -0.000000 88.366600
v -56.954804 -4.719410 88.366600
v -56.370548 -9.406581 88.366600
v -55.401225 -14.029496 88.366600
v -54.053455 -18.556575 88.366600
v -52.336446 -22.956894 88.366600
v -50.261925 -27.200394 88.366600
v -47.844064 -31.258087 88.366600
v -45.099380 -35.102257 88.366600
v -42.046621 -38.706642 88.366600
v -38.706642 -42.046621 88.366600
v -35.102257 -45.099380 88.366600
v -31.258087 -47.844064 88.366600
v -27.200394 -50.261925 88.366600
v -22.956894 -52.336446 88.366600
v -18.556575 -54.053455 88.366600
v -14.029496 -55.401225 88.366600
v -9.406581 -56.370548 88.366600
v -4.719410 -56.954804 88.366600
v -0.000000 -57.150000 88.366600
v 4.719410 -56.954804 88.366600
v 9.406581 -56.370548 88.366600
v 14.029496 -55.401225 88.366600
v 18.556575 -54.053455 88.366600
v 22.956894 -52.336446 88.366600
v 27.200394 -50.261925 88.366600
v 31.258087 -47.844064 88.366600
v 35.102257 -45.099380 88.366600
v 38.706642 -42.046621 88.366600
v 42.046621 -38.706642 88.366600
v 45.099380 -35.102257 88.366600
v 47.844064 -31.258087 88.366600
v 50.261925 -27.200394 88.366600
v 52.336446 -22.956894 88.366600
v 54.053455 -18.556575 88.366600
v 55.401225 -14.029496 88.366600
v 56.370548 -9.406581 88.366600
v 56.954804 -4.719410 88.366600
f 3618 3578 3577
f 3618 3577 3579
f 3619 3579 3580
f 3619 3618 3579
f 3620 3580 3581
f 3620 3619 3580
f 3621 3581 3582
f 3621 3620 3581
f 3622 3621 3582
f 3622 3582 3583
f 3623 3583 3584
f 3623 3622 3583
f 3623 3584 3585
f 3624 3623 3585
f 3625 3585 3586
f 3625 3624 3585
f 3626 3586 3587
f 3626 3625 3586
f 3627 3587 3588
f 3627 3626 3587
f 3628 3588 3589
f 3628 3627 3588
f 3629 3589 3590
f 3629 3628 3589
f 3630 3590 3591
f 3630 3629 3590
f 3631 3591 3592
f 3631 3630 3591
f 3632 3592 3593
f 3632 3593 3594
f 3632 3631 3592
f 3633 3632 3594
f 3634 3594 3595
f 3634 3595 3596
f 3634 3633 3594
f 3635 3596 3597
f 3635 3634 3596
f 3636 3635 3597
f 3637 3597 3598
f 3637 3636 3597
f 3638 3598 3599
f 3638 3599 3600
f 3638 3637 3598
f 3639 3600 3601
f 3639 3638 3600
f 3640 3639 3601
f 3641 3601 3602
f 3641 3640 3601
f 3642 3602 3603
f 3642 3603 3604
f 3642 3641 3602
f 3643 3642 3604
f 3644 3604 3605
f 3644 3643 3604
f 3645 3605 3606
f 3645 3606 3607
f 3645 3644 3605
f 3646 3645 3607
f 3647 3646 3607
f 3647 3607 3608
f 3648 3647 3608
f 3648 3608 3609
f 3649 3648 3609
f 3649 3609 3610
f 3649 3610 3611
f 3650 3649 3611
f 3651 3650 3611
f 3651 3611 3612
f 3651 3612 3613
f 3652 3651 3613
f 3653 3652 3613
f 3653 3613 3614
f 3654 3653 3614
f 3654 3614 3615
f 3617 3654 3615
f 3617 3615 3616
v 57.150000 -0.000000 88.366600
v 56.954804 4.719410 88.366600
v 56.370548 9.406581 88.366600
v 55.401225 14.029496 88.366600
v 54.053455 18.556575 88.366600
v 52.336446 22.956894 88.366600
v 50.261925 27.200394 88.366600
v 47.844064 31.258087 88.366600
v 45.099380 35.102257 88.366600
v 42.046621 38.706642 88.366600
v 38.706642 42.046621 88.366600
v 35.102257 45.099380 88.366600
v 31.258087 47.844064 88.366600
v 27.200394 50.261925 88.366600
v 22.956894 52.336446 88.366600
v 18.556575 54.053455 88.366600
v 14.029496 55.401225 88.366600
v 9.406581 56.370548 88.366600
v 4.719410 56.954804 88.366600
v 0.000000 57.150000 88.366600
v -4.719410 56.954804 88.366600
v -9.406581 56.370548 88.366600
v -14.029496 55.401225 88.366600
v -18.556575 54.053455 88.366600
v -22.956894 52.336446 88.366600
v -27.200394 50.261925 88.366600
v -31.258087 47.844064 88.366600
v -35.102257 45.099380 88.366600
v -38.706642 42.046621 88.366600
v -42.046621 38.706642 88.366600
v -45.099380 35.102257 88.366600
v -47.844064 31.258087 88.366600
v -50.261925 27.200394 88.366600
v -52.336446 22.956894 88.366600
v -54.053455 18.556575 88.366600
v -55.401225 14.029496 88.366600
v -56.370548 9.406581 88.366600
v -56.954804 4.719410 88.366600
v -57.150000 -0.000000 88.366600
v -56.954804 -4.719410 88.366600
v -56.370548 -9.406581 88.366600
v -55.401225 -14.029496 88.366600
v -54.053455 -18.556575 88.366600
v -52.336446 -22.956894 88.366600
v -50.261925 -27.200394 88.366600
v -47.844064 -31.258087 88.366600
v -45.099380 -35.102257 88.366600
v -42.046621 -38.706642 88.366600
v -38.706642 -42.046621 88.366600
v -35.102257 -45.099380 88.366600
v -31.258087 -47.844064 88.366600
v -27.200394 -50.261925 88.366600
v -22.956894 -52.336446 88.366600
v -18.556575 -54.053455 88.366600
v -14.029496 -55.401225 88.366600
v -9.406581 -56.370548 88.366600
v -4.719410 -56.954804 88.366600
v -0.000000 -57.150000 88.366600
v 4.719410 -56.954804 88.366600
v 9.406581 -56.370548 88.366600
v 14.029496 -55.401225 88.366600
v 18.556575 -54.053455 88.366600
v 22.956894 -52.336446 88.366600
v 27.200394 -50.261925 88.366600
v 31.258087 -47.844064 88.366600
v 35.102257 -45.099380 88.366600
v 38.706642 -42.046621 88.366600
v 42.046621 -38.706642 88.366600
v 45.099380 -35.102257 88.366600
v 47.844064 -31.258087 88.366600
v 50.261925 -27.200394 88.366600
v 52.336446 -22.956894 88.366600
v 54.053455 -18.556575 88.366600
v 55.401225 -14.029496 88.366600
v 56.370548 -9.406581 88.366600
v 56.954804 -4.719410 88.366600
v -35.745199 24.015700 88.366600
v -34.936742 23.917536 88.366600
v -34.175271 23.628748 88.366600
v -33.505038 23.166119 88.366600
v -32.964994 22.556536 88.366600
v -32.586527 21.835426 88.366600
v -32.391629 21.044697 88.366600
v -32.391629 20.230303 88.366600
v -32.586527 19.439574 88.366600
v -32.964994 18.718464 88.366600
v -33.505038 18.108881 88.366600
v -34.175271 17.646252 88.366600
v -34.936742 17.357464 88.366600
v -35.745199 17.259300 88.366600
v -36.553655 17.357464 88.366600
v -37.315126 17.646252 88.366600
v -37.985360 18.108881 88.366600
v -38.525403 18.718464 88.366600
v -38.903870 19.439574 88.366600
v -39.098768 20.230303 88.366600
v -39.098768 21.044697 88.366600
v -38.903870 21.835426 88.366600
v -38.525403 22.556536 88.366600
v -37.985360 23.166119 88.366600
v -37.315126 23.628748 88.366600
v -36.553655 23.917536 88.366600
v 35.745199 24.015700 88.366600
v 36.553655 23.917536 88.366600
v 37.315126 23.628748 88.366600
v 37.985360 23.166119 88.366600
v 38.525403 22.556536 88.366600
v 38.903870 21.835426 88.366600
v 39.098768 21.044697 88.366600
v 39.098768 20.230303 88.366600
v 38.903870 19.439574 88.366600
v 38.525403 18.718464 88.366600
v 37.985360 18.108881 88.366600
v 37.315126 17.646252 88.366600
v 36.553655 17.357464 88.366600
v 35.745199 17.259300 88.366600
v 34.936742 17.357464 88.366600
v 34.175271 17.646252 88.366600
v 33.505038 18.108881 88.366600
v 32.964994 18.718464 88.366600
v 32.586527 19.439574 88.366600
v 32.391629 20.230303 88.366600
v 32.391629 21.044697 88.366600
v 32.586527 21.835426 88.366600
v 32.964994 22.556536 88.366600
v 33.505038 23.166119 88.366600
v 34.175271 23.628748 88.366600
v 34.936742 23.917536 88.366600
v -0.000000 -37.896800 88.366600
v 0.808456 -37.994964 88.366600
v 1.569928 -38.283752 88.366600
v 2.240161 -38.746381 88.366600
v 2.780204 -39.355964 88.366600
v 3.158672 -40.077074 88.366600
v 3.353569 -40.867803 88.366600
v 3.353569 -41.682197 88.366600
v 3.158672 -42.472926 88.366600
v 2.780204 -43.194036 88.366600
v 2.240161 -43.803619 88.366600
v 1.569928 -44.266248 88.366600
v 0.808456 -44.555036 88.366600
v -0.000000 -44.653200 88.366600
v -0.808456 -44.555036 88.366600
v -1.569928 -44.266248 88.366600
v -2.240161 -43.803619 88.366600
v -2.780204 -43.194036 88.366600
v -3.158672 -42.472926 88.366600
v -3.353569 -41.682197 88.366600
v -3.353569 -40.867803 88.366600
v -3.158672 -40.077074 88.366600
v -2.780204 -39.355964 88.366600
v -2.240161 -38.746381 88.366600
v -1.569928 -38.283752 88.366600
v -0.808456 -37.994964 88.366600
v 35.745199 -17.259300 88.366600
v 36.553655 -17.357464 88.366600
v 37.315126 -17.646252 88.366600
v 37.985360 -18.108881 88.366600
v 38.525403 -18.718464 88.366600
v 38.903870 -19.439574 88.366600
v 39.098768 -20.230303 88.366600
v 39.098768 -21.044697 88.366600
v 38.903870 -21.835426 88.366600
v 38.525403 -22.556536 88.366600
v 37.985360 -23.166119 88.366600
v 37.315126 -23.628748 88.366600
v 36.553655 -23.917536 88.366600
v 35.745199 -24.015700 88.366600
v 34.936742 -23.917536 88.366600
v 34.175271 -23.628748 88.366600
v 33.505038 -23.166119 88.366600
v 32.964994 -22.556536 88.366600
v 32.586527 -21.835426 88.366600
v 32.391629 -21.044697 88.366600
v 32.391629 -20.230303 88.366600
v 32.586527 -19.439574 88.366600
v 32.964994 -18.718464 88.366600
v 33.505038 -18.108881 88.366600
v 34.175271 -17.646252 88.366600
v 34.936742 -17.357464 88.366600
v 0.000000 44.653200 88.366600
v 0.808456 44.555036 88.366600
v 1.569928 44.266248 88.366600
v 2.240161 43.803619 88.366600
v 2.780204 43.194036 88.366600
v 3.158672 42.472926 88.366600
v 3.353569 41.682197 88.366600
v 3.353569 40.867803 88.366600
v 3.158672 40.077074 88.366600
v 2.780204 39.355964 88.366600
v 2.240161 38.746381 88.366600
v 1.569928 38.283752 88.366600
v 0.808456 37.994964 88.366600
v -0.000000 37.896800 88.366600
v -0.808456 37.994964 88.366600
v -1.569928 38.283752 88.366600
v -2.240161 38.746381 88.366600
v -2.780204 39.355964 88.366600
v -3.158672 40.077074 88.366600
v -3.353569 40.867803 88.366600
v -3.353569 41.682197 88.366600
v -3.158672 42.472926 88.366600
v -2.780204 43.194036 88.366600
v -2.240161 43.803619 88.366600
v -1.569928 44.266248 88.366600
v -0.808456 44.555036 88.366600
v -35.745199 -17.259300 88.366600
v -34.936742 -17.357464 88.366600
v -34.175271 -17.646252 88.366600
v -33.505038 -18.108881 88.366600
v -32.964994 -18.718464 88.366600
v -32.586527 -19.439574 88.366600
v -32.391629 -20.230303 88.366600
v -32.391629 -21.044697 88.366600
v -32.586527 -21.835426 88.366600
v -32.964994 -22.556536 88.366600
v -33.505038 -23.166119 88.366600
v -34.175271 -23.628748 88.366600
v -34.936742 -23.917536 88.366600
v -35.745199 -24.015700 88.366600
v -36.553655 -23.917536 88.366600
v -37.315126 -23.628748 88.366600
v -37.985360 -23.166119 88.366600
v -38.525403 -22.556536 88.366600
v -38.903870 -21.835426 88.366600
v -39.098768 -21.044697 88.366600
v -39.098768 -20.230303 88.366600
v -38.903870 -19.439574 88.366600
v -38.525403 -18.718464 88.366600
v -37.985360 -18.108881 88.366600
v -37.315126 -17.646252 88.366600
v -36.553655 -17.357464 88.366600
v 31.750000 -0.000000 88.366600
v 31.550363 -3.554872 88.366600
v 30.953961 -7.065040 88.366600
v 29.968296 -10.486360 88.366600
v 28.605762 -13.775809 88.366600
v 26.883493 -16.892018 88.366600
v 24.823150 -19.795801 88.366600
v 22.450640 -22.450640 88.366600
v 19.795801 -24.823150 88.366600
v 16.892018 -26.883493 88.366600
v 13.775809 -28.605762 88.366600
v 10.486360 -29.968296 88.366600
v 7.065040 -30.953961 88.366600
v 3.554872 -31.550363 88.366600
v 0.000000 -31.750000 88.366600
v -3.554872 -31.550363 88.366600
v -7.065040 -30.953961 88.366600
v -10.486360 -29.968296 88.366600
v -13.775809 -28.605762 88.366600
v -16.892018 -26.883493 88.366600
v -19.795801 -24.823150 88.366600
v -22.450640 -22.450640 88.366600
v -24.823150 -19.795801 88.366600
v -26.883493 -16.892018 88.366600
v -28.605762 -13.775809 88.366600
v -29.968296 -10.486360 88.366600
v -30.953961 -7.065040 88.366600
v -31.550363 -3.554872 88.366600
v -31.750000 -0.000000 88.366600
v -31.550363 3.554872 88.366600
v -30.953961 7.065040 88.366600
v -29.968296 10.486360 88.366600
v -28.605762 13.775809 88.366600
v -26.883493 16.892018 88.366600
v -24.823150 19.795801 88.366600
v -22.450640 22.450640 88.366600
v -19.795801 24.823150 88.366600
v -16.892018 26.883493 88.366600
v -13.775809 28.605762 88.366600
v -10.486360 29.968296 88.366600
v -7.065040 30.953961 88.366600
v -3.554872 31.550363 88.366600
v -0.000000 31.750000 88.366600
v 3.554872 31.550363 88.366600
v 7.065040 30.953961 88.366600
v 10.486360 29.968296 88.366600
v 13.775809 28.605762 88.366600
v 16.892018 26.883493 88.366600
v 19.795801 24.823150 88.366600
v 22.450640 22.450640 88.366600
v 24.823150 19.795801 88.366600
v 26.883493 16.892018 88.366600
v 28.605762 13.775809 88.366600
v 29.968296 10.486360 88.366600
v 30.953961 7.065040 88.366600
v 31.550363 3.554872 88.366600
f 3753 3686 3687
f 3753 3754 3686
f 3755 3685 3686
f 3755 3686 3754
f 3752 3753 3687
f 3756 3684 3685
f 3756 3685 3755
f 3751 3752 3687
f 3751 3687 3688
f 3731 3684 3756
f 3750 3688 3689
f 3750 3751 3688
f 3732 3683 3684
f 3732 3684 3731
f 3749 3750 3689
f 3733 3683 3732
f 3733 3682 3683
f 3748 3689 3690
f 3748 3749 3689
f 3747 3690 3691
f 3747 3748 3690
f 3746 3747 3691
f 3858 3675 3676
f 3857 3676 3677
f 3857 3858 3676
f 3859 3675 3858
f 3856 3677 3678
f 3856 3857 3677
f 3860 3674 3675
f 3860 3675 3859
f 3855 3856 3678
f 3922 3734 3735
f 3922 3735 3736
f 3835 3674 3860
f 3921 3922 3736
f 3921 3736 3737
f 3921 3737 3738
f 3923 3682 3733
f 3923 3681 3682
f 3923 3734 3922
f 3923 3733 3734
f 3924 3681 3923
f 3924 3680 3681
f 3920 3921 3738
f 3920 3738 3739
f 3920 3739 3740
f 3836 3674 3835
f 3836 3673 3674
f 3837 3673 3836
f 3919 3920 3740
f 3919 3740 3741
f 3919 3741 3742
f 3925 3680 3924
f 3925 3679 3680
f 3838 3673 3837
f 3838 3672 3673
f 3926 3678 3679
f 3926 3855 3678
f 3926 3679 3925
f 3926 3853 3854
f 3926 3854 3855
f 3918 3919 3742
f 3918 3742 3743
f 3918 3743 3744
f 3839 3671 3672
f 3839 3672 3838
f 3840 3671 3839
f 3927 3853 3926
f 3927 3851 3852
f 3927 3852 3853
f 3917 3918 3744
f 3917 3744 3745
f 3917 3745 3746
f 3670 3671 3840
f 3670 3840 3841
f 3928 3851 3927
f 3928 3849 3850
f 3928 3850 3851
f 3916 3691 3692
f 3916 3917 3746
f 3916 3746 3691
f 3929 3849 3928
f 3929 3847 3848
f 3929 3848 3849
f 3915 3692 3693
f 3915 3693 3694
f 3915 3916 3692
f 3930 3847 3929
f 3930 3845 3846
f 3930 3846 3847
f 3914 3915 3694
f 3914 3694 3695
f 3931 3845 3930
f 3931 3843 3844
f 3931 3844 3845
f 3884 3695 3696
f 3883 3696 3697
f 3883 3884 3696
f 3885 3914 3695
f 3885 3913 3914
f 3885 3695 3884
f 3932 3669 3670
f 3932 3670 3841
f 3932 3841 3842
f 3932 3842 3843
f 3932 3843 3931
f 3882 3883 3697
f 3886 3913 3885
f 3881 3697 3698
f 3881 3882 3697
f 3861 3913 3886
f 3861 3912 3913
f 3880 3881 3698
f 3880 3698 3699
f 3862 3912 3861
f 3879 3880 3699
f 3863 3912 3862
f 3878 3879 3699
f 3878 3699 3700
f 3933 3668 3669
f 3933 3669 3932
f 3911 3863 3864
f 3911 3912 3863
f 3877 3878 3700
f 3865 3911 3864
f 3876 3877 3700
f 3701 3875 3876
f 3701 3876 3700
f 3934 3667 3668
f 3934 3668 3933
f 3910 3865 3866
f 3910 3866 3867
f 3910 3911 3865
f 3935 3666 3667
f 3935 3667 3934
f 3909 3867 3868
f 3909 3868 3869
f 3909 3910 3867
f 3702 3873 3874
f 3702 3874 3875
f 3702 3875 3701
f 3908 3869 3870
f 3908 3870 3871
f 3908 3909 3869
f 3703 3872 3873
f 3703 3873 3702
f 3907 3871 3872
f 3907 3908 3871
f 3704 3872 3703
f 3704 3907 3872
f 3780 3935 3936
f 3779 3780 3936
f 3781 3665 3666
f 3781 3666 3935
f 3781 3935 3780
f 3778 3936 3937
f 3778 3779 3936
f 3782 3664 3665
f 3782 3665 3781
f 3777 3778 3937
f 3757 3664 3782
f 3776 3937 3938
f 3776 3777 3937
f 3758 3664 3757
f 3758 3663 3664
f 3775 3776 3938
f 3759 3663 3758
f 3774 3775 3938
f 3939 3774 3938
f 3773 3774 3939
f 3772 3773 3939
f 3705 3906 3907
f 3705 3907 3704
f 3662 3663 3759
f 3662 3759 3760
f 3662 3760 3761
f 3940 3770 3771
f 3940 3771 3772
f 3940 3772 3939
f 3706 3905 3906
f 3706 3906 3705
f 3661 3761 3762
f 3661 3762 3763
f 3661 3662 3761
f 3941 3768 3769
f 3941 3769 3770
f 3941 3770 3940
f 3942 3768 3941
f 3707 3904 3905
f 3707 3905 3706
f 3660 3763 3764
f 3660 3661 3763
f 3708 3904 3707
f 3659 3764 3765
f 3659 3765 3766
f 3659 3660 3764
f 3806 3902 3903
f 3805 3806 3903
f 3807 3902 3806
f 3804 3903 3904
f 3804 3805 3903
f 3808 3901 3902
f 3808 3902 3807
f 3803 3804 3904
f 3783 3901 3808
f 3802 3904 3708
f 3802 3803 3904
f 3784 3900 3901
f 3784 3901 3783
f 3801 3802 3708
f 3785 3900 3784
f 3786 3900 3785
f 3786 3899 3900
f 3709 3800 3801
f 3709 3801 3708
f 3658 3766 3767
f 3658 3659 3766
f 3787 3899 3786
f 3788 3899 3787
f 3788 3898 3899
f 3789 3898 3788
f 3790 3898 3789
f 3710 3800 3709
f 3710 3799 3800
f 3657 3767 3768
f 3657 3768 3942
f 3657 3658 3767
f 3831 3891 3892
f 3831 3832 3891
f 3833 3890 3891
f 3833 3891 3832
f 3830 3831 3892
f 3656 3657 3942
f 3656 3942 3887
f 3711 3797 3798
f 3711 3798 3799
f 3711 3799 3710
f 3834 3890 3833
f 3829 3892 3893
f 3829 3830 3892
f 3809 3889 3890
f 3809 3890 3834
f 3828 3829 3893
f 3810 3889 3809
f 3827 3893 3894
f 3827 3828 3893
f 3811 3888 3889
f 3811 3889 3810
f 3826 3827 3894
f 3825 3894 3895
f 3825 3826 3894
f 3655 3656 3887
f 3712 3795 3796
f 3712 3796 3797
f 3712 3797 3711
f 3824 3825 3895
f 3730 3655 3887
f 3730 3887 3888
f 3713 3793 3794
f 3713 3794 3795
f 3713 3795 3712
f 3729 3730 3888
f 3729 3888 3811
f 3729 3811 3812
f 3714 3792 3793
f 3714 3793 3713
f 3728 3812 3813
f 3728 3729 3812
f 3715 3792 3714
f 3715 3791 3792
f 3727 3728 3813
f 3727 3813 3814
f 3727 3814 3815
f 3716 3898 3790
f 3716 3791 3715
f 3716 3790 3791
f 3726 3727 3815
f 3726 3815 3816
f 3717 3897 3898
f 3717 3898 3716
f 3725 3726 3816
f 3725 3816 3817
f 3725 3817 3818
f 3718 3897 3717
f 3718 3896 3897
f 3724 3725 3818
f 3724 3818 3819
f 3724 3819 3820
f 3719 3895 3896
f 3719 3896 3718
f 3723 3724 3820
f 3723 3820 3821
f 3720 3824 3895
f 3720 3895 3719
f 3721 3824 3720
f 3721 3823 3824
f 3722 3723 3821
f 3722 3823 3721
f 3722 3821 3822
f 3722 3822 3823
v -57.150000 -0.000000 78.841600
v -56.954804 -4.719410 78.841600
v -56.370548 -9.406581 78.841600
v -55.401225 -14.029496 78.841600
v -54.053455 -18.556575 78.841600
v -52.336446 -22.956894 78.841600
v -50.261925 -27.200394 78.841600
v -47.844064 -31.258087 78.841600
v -45.099380 -35.102257 78.841600
v -42.046621 -38.706642 78.841600
v -38.706642 -42.046621 78.841600
v -35.102257 -45.099380 78.841600
v -31.258087 -47.844064 78.841600
v -27.200394 -50.261925 78.841600
v -22.956894 -52.336446 78.841600
v -18.556575 -54.053455 78.841600
v -14.029496 -55.401225 78.841600
v -9.406581 -56.370548 78.841600
v -4.719410 -56.954804 78.841600
v -0.000000 -57.150000 78.841600
v 4.719410 -56.954804 78.841600
v 9.406581 -56.370548 78.841600
v 14.029496 -55.401225 78.841600
v 18.556575 -54.053455 78.841600
v 22.956894 -52.336446 78.841600
v 27.200394 -50.261925 78.841600
v 31.258087 -47.844064 78.841600
v 35.102257 -45.099380 78.841600
v 38.706642 -42.046621 78.841600
v 42.046621 -38.706642 78.841600
v 45.099380 -35.102257 78.841600
v 47.844064 -31.258087 78.841600
v 50.261925 -27.200394 78.841600
v 52.336446 -22.956894 78.841600
v 54.053455 -18.556575 78.841600
v 55.401225 -14.029496 78.841600
v 56.370548 -9.406581 78.841600
v 56.954804 -4.719410 78.841600
v 57.150000 -0.000000 78.841600
v 56.954804 4.719410 78.841600
v 56.370548 9.406581 78.841600
v 55.401225 14.029496 78.841600
v 54.053455 18.556575 78.841600
v 52.336446 22.956894 78.841600
v 50.261925 27.200394 78.841600
v 47.844064 31.258087 78.841600
v 45.099380 35.102257 78.841600
v 42.046621 38.706642 78.841600
v 38.706642 42.046621 78.841600
v 35.102257 45.099380 78.841600
v 31.258087 47.844064 78.841600
v 27.200394 50.261925 78.841600
v 22.956894 52.336446 78.841600
v 18.556575 54.053455 78.841600
v 14.029496 55.401225 78.841600
v 9.406581 56.370548 78.841600
v 4.719410 56.954804 78.841600
v 0.000000 57.150000 78.841600
v -4.719410 56.954804 78.841600
v -9.406581 56.370548 78.841600
v -14.029496 55.401225 78.841600
v -18.556575 54.053455 78.841600
v -22.956894 52.336446 78.841600
v -27.200394 50.261925 78.841600
v -31.258087 47.844064 78.841600
v -35.102257 45.099380 78.841600
v -38.706642 42.046621 78.841600
v -42.046621 38.706642 78.841600
v -45.099380 35.102257 78.841600
v -47.844064 31.258087 78.841600
v -50.261925 27.200394 78.841600
v -52.336446 22.956894 78.841600
v -54.053455 18.556575 78.841600
v -55.401225 14.029496 78.841600
v -56.370548 9.406581 78.841600
v -56.954804 4.719410 78.841600
v -35.745199 17.259300 78.841600
v -34.936742 17.357464 78.841600
v -34.175271 17.646252 78.841600
v -33.505038 18.108881 78.841600
v -32.964994 18.718464 78.841600
v -32.586527 19.439574 78.841600
v -32.391629 20.230303 78.841600
v -32.391629 21.044697 78.841600
v -32.586527 21.835426 78.841600
v -32.964994 22.556536 78.841600
v -33.505038 23.166119 78.841600
v -34.175271 23.628748 78.841600
v -34.936742 23.917536 78.841600
v -35.745199 24.015700 78.841600
v -36.553655 23.917536 78.841600
v -37.315126 23.628748 78.841600
v -37.985360 23.166119 78.841600
v -38.525403 22.556536 78.841600
v -38.903870 21.835426 78.841600
v -39.098768 21.044697 78.841600
v -39.098768 20.230303 78.841600
v -38.903870 19.439574 78.841600
v -38.525403 18.718464 78.841600
v -37.985360 18.108881 78.841600
v -37.315126 17.646252 78.841600
v -36.553655 17.357464 78.841600
v 35.745199 17.259300 78.841600
v 36.553655 17.357464 78.841600
v 37.315126 17.646252 78.841600
v 37.985360 18.108881 78.841600
v 38.525403 18.718464 78.841600
v 38.903870 19.439574 78.841600
v 39.098768 20.230303 78.841600
v 39.098768 21.044697 78.841600
v 38.903870 21.835426 78.841600
v 38.525403 22.556536 78.841600
v 37.985360 23.166119 78.841600
v 37.315126 23.628748 78.841600
v 36.553655 23.917536 78.841600
v 35.745199 24.015700 78.841600
v 34.936742 23.917536 78.841600
v 34.175271 23.628748 78.841600
v 33.505038 23.166119 78.841600
v 32.964994 22.556536 78.841600
v 32.586527 21.835426 78.841600
v 32.391629 21.044697 78.841600
v 32.391629 20.230303 78.841600
v 32.586527 19.439574 78.841600
v 32.964994 18.718464 78.841600
v 33.505038 18.108881 78.841600
v 34.175271 17.646252 78.841600
v 34.936742 17.357464 78.841600
v -0.000000 -44.653200 78.841600
v 0.808456 -44.555036 78.841600
v 1.569928 -44.266248 78.841600
v 2.240161 -43.803619 78.841600
v 2.780204 -43.194036 78.841600
v 3.158672 -42.472926 78.841600
v 3.353569 -41.682197 78.841600
v 3.353569 -40.867803 78.841600
v 3.158672 -40.077074 78.841600
v 2.780204 -39.355964 78.841600
v 2.240161 -38.746381 78.841600
v 1.569928 -38.283752 78.841600
v 0.808456 -37.994964 78.841600
v -0.000000 -37.896800 78.841600
v -0.808456 -37.994964 78.841600
v -1.569928 -38.283752 78.841600
v -2.240161 -38.746381 78.841600
v -2.780204 -39.355964 78.841600
v -3.158672 -40.077074 78.841600
v -3.353569 -40.867803 78.841600
v -3.353569 -41.682197 78.841600
v -3.158672 -42.472926 78.841600
v -2.780204 -43.194036 78.841600
v -2.240161 -43.803619 78.841600
v -1.569928 -44.266248 78.841600
v -0.808456 -44.555036 78.841600
v 35.745199 -24.015700 78.841600
v 36.553655 -23.917536 78.841600
v 37.315126 -23.628748 78.841600
v 37.985360 -23.166119 78.841600
v 38.525403 -22.556536 78.841600
v 38.903870 -21.835426 78.841600
v 39.098768 -21.044697 78.841600
v 39.098768 -20.230303 78.841600
v 38.903870 -19.439574 78.841600
v 38.525403 -18.718464 78.841600
v 37.985360 -18.108881 78.841600
v 37.315126 -17.646252 78.841600
v 36.553655 -17.357464 78.841600
v 35.745199 -17.259300 78.841600
v 34.936742 -17.357464 78.841600
v 34.175271 -17.646252 78.841600
v 33.505038 -18.108881 78.841600
v 32.964994 -18.718464 78.841600
v 32.586527 -19.439574 78.841600
v 32.391629 -20.230303 78.841600
v 32.391629 -21.044697 78.841600
v 32.586527 -21.835426 78.841600
v 32.964994 -22.556536 78.841600
v 33.505038 -23.166119 78.841600
v 34.175271 -23.628748 78.841600
v 34.936742 -23.917536 78.841600
v -0.000000 37.896800 78.841600
v 0.808456 37.994964 78.841600
v 1.569928 38.283752 78.841600
v 2.240161 38.746381 78.841600
v 2.780204 39.355964 78.841600
v 3.158672 40.077074 78.841600
v 3.353569 40.867803 78.841600
v 3.353569 41.682197 78.841600
v 3.158672 42.472926 78.841600
v 2.780204 43.194036 78.841600
v 2.240161 43.803619 78.841600
v 1.569928 44.266248 78.841600
v 0.808456 44.555036 78.841600
v 0.000000 44.653200 78.841600
v -0.808456 44.555036 78.841600
v -1.569928 44.266248 78.841600
v -2.240161 43.803619 78.841600
v -2.780204 43.194036 78.841600
v -3.158672 42.472926 78.841600
v -3.353569 41.682197 78.841600
v -3.353569 40.867803 78.841600
v -3.158672 40.077074 78.841600
v -2.780204 39.355964 78.841600
v -2.240161 38.746381 78.841600
v -1.569928 38.283752 78.841600
v -0.808456 37.994964 78.841600
v -35.745199 -24.015700 78.841600
v -34.936742 -23.917536 78.841600
v -34.175271 -23.628748 78.841600
v -33.505038 -23.166119 78.841600
v -32.964994 -22.556536 78.841600
v -32.586527 -21.835426 78.841600
v -32.391629 -21.044697 78.841600
v -32.391629 -20.230303 78.841600
v -32.586527 -19.439574 78.841600
v -32.964994 -18.718464 78.841600
v -33.505038 -18.108881 78.841600
v -34.175271 -17.646252 78.841600
v -34.936742 -17.357464 78.841600
v -35.745199 -17.259300 78.841600
v -36.553655 -17.357464 78.841600
v -37.315126 -17.646252 78.841600
v -37.985360 -18.108881 78.841600
v -38.525403 -18.718464 78.841600
v -38.903870 -19.439574 78.841600
v -39.098768 -20.230303 78.841600
v -39.098768 -21.044697 78.841600
v -38.903870 -21.835426 78.841600
v -38.525403 -22.556536 78.841600
v -37.985360 -23.166119 78.841600
v -37.315126 -23.628748 78.841600
v -36.553655 -23.917536 78.841600
f 4036 4012 4035
f 4036 4013 4012
f 4034 4035 4012
f 4034 4012 4011
f 4037 4013 4036
f 4033 4011 4010
f 4033 4034 4011
f 4038 4014 4013
f 4038 4013 4037
f 4032 4033 4010
f 4039 4014 4038
f 4039 4015 4014
f 4031 4010 4009
f 4031 4032 4010
f 4040 4015 4039
f 4030 4009 4008
f 4030 4031 4009
f 4041 4015 4040
f 4041 4016 4015
f 4029 4030 4008
f 4029 4007 4006
f 4029 4008 4007
f 4042 4017 4016
f 4042 4016 4041
f 4028 4029 4006
f 4043 4018 4017
f 4043 4017 4042
f 4044 4018 4043
f 4044 3943 4018
f 4139 4002 4001
f 4140 4003 4002
f 4140 4002 4139
f 4138 4139 4001
f 4141 4003 4140
f 4141 4004 4003
f 4137 4138 4001
f 4137 4001 4000
f 4142 4004 4141
f 4142 4005 4004
f 4136 4137 4000
f 4143 4005 4142
f 4143 4006 4005
f 4135 4136 4000
f 4135 4000 3999
f 4144 4028 4006
f 4144 4006 4143
f 4134 4135 3999
f 4145 4028 4144
f 4145 4027 4028
f 4133 4134 3999
f 4133 3999 3998
f 4146 4027 4145
f 4146 4026 4027
f 4132 4133 3998
f 4132 3998 3997
f 4147 4026 4146
f 4147 4025 4026
f 4131 4132 3997
f 4148 4025 4147
f 4148 4024 4025
f 4123 4024 4148
f 4123 4023 4024
f 3996 4131 3997
f 3996 4130 4131
f 3995 4129 4130
f 3995 4130 3996
f 3994 4128 4129
f 3994 4129 3995
f 4165 3946 3945
f 4166 3947 3946
f 4166 3946 4165
f 4164 3945 3944
f 4164 4165 3945
f 4167 3947 4166
f 4163 3944 3943
f 4163 3943 4044
f 4163 4164 3944
f 4168 3947 4167
f 4168 3948 3947
f 4162 4044 4019
f 4162 4163 4044
f 4162 4019 4020
f 4169 3949 3948
f 4169 3948 4168
f 4161 4162 4020
f 4161 4020 4021
f 4170 3949 4169
f 4160 4161 4021
f 4171 3950 3949
f 4171 3949 4170
f 4159 4160 4021
f 4159 4021 4022
f 4172 3950 4171
f 4158 4159 4022
f 4158 4023 4123
f 4158 4022 4023
f 4173 3950 4172
f 3951 3950 4173
f 3951 4173 4174
f 3952 4149 4150
f 3952 4174 4149
f 3952 3951 4174
f 3953 4150 4151
f 3953 3952 4150
f 3954 4151 4152
f 3954 3953 4151
f 4061 3993 3992
f 4061 3994 3993
f 4062 3994 4061
f 4062 4127 4128
f 4062 4128 3994
f 4060 4061 3992
f 4060 3992 3991
f 4063 4127 4062
f 4063 4126 4127
f 4059 3991 3990
f 4059 4060 3991
f 4064 4126 4063
f 4064 4125 4126
f 4058 4059 3990
f 4065 4124 4125
f 4065 4125 4064
f 4057 3990 3989
f 4057 4058 3990
f 4066 4123 4124
f 4066 4124 4065
f 4056 4057 3989
f 4067 4123 4066
f 3955 3954 4152
f 3988 4054 4055
f 3988 4055 4056
f 3988 4056 3989
f 3956 4152 4153
f 3956 3955 4152
f 3987 4052 4053
f 3987 4053 4054
f 3987 4054 3988
f 3986 4051 4052
f 3986 4052 3987
f 3985 4049 4050
f 3985 4050 4051
f 3985 4051 3986
f 4087 4154 4155
f 4088 4153 4154
f 4088 4154 4087
f 4086 4155 4156
f 4086 4087 4155
f 4089 3956 4153
f 4089 4153 4088
f 4085 4156 4157
f 4085 4086 4156
f 4090 3957 3956
f 4090 3956 4089
f 4084 4157 4158
f 4084 4085 4157
f 4084 4158 4123
f 4091 3958 3957
f 4091 3957 4090
f 4092 3958 4091
f 3959 4092 4093
f 3959 3958 4092
f 3984 4048 4049
f 3984 4049 3985
f 3960 4093 4094
f 3960 3959 4093
f 3983 4047 4048
f 3983 4048 3984
f 4114 4067 4068
f 4114 4084 4123
f 4114 4068 4113
f 4114 4123 4067
f 4112 4068 4069
f 4112 4113 4068
f 4115 4084 4114
f 4115 4083 4084
f 3961 4094 4095
f 3961 4095 4096
f 3961 3960 4094
f 3982 4046 4047
f 3982 4047 3983
f 4111 4069 4070
f 4111 4112 4069
f 4116 4083 4115
f 4116 4082 4083
f 4110 4070 4045
f 4110 4111 4070
f 4117 4081 4082
f 4117 4082 4116
f 4109 4110 4045
f 4109 4045 4046
f 4118 4080 4081
f 4118 4081 4117
f 4119 4079 4080
f 4119 4080 4118
f 3962 3961 4096
f 3962 4071 4072
f 3962 4096 4071
f 3981 4109 4046
f 3981 4046 3982
f 3980 4108 4109
f 3980 4109 3981
f 3963 4072 4073
f 3963 4073 4074
f 3963 3962 4072
f 3979 4108 3980
f 3979 4107 4108
f 3964 4074 4075
f 3964 3963 4074
f 3978 4106 4107
f 3978 4107 3979
f 3965 4075 4076
f 3965 3964 4075
f 3977 4104 4105
f 3977 4105 4106
f 3977 4106 3978
f 3966 4076 4077
f 3966 3965 4076
f 3976 4104 3977
f 3976 4103 4104
f 3967 4077 4078
f 3967 3966 4077
f 3975 4101 4102
f 3975 4102 4103
f 3975 4103 3976
f 3968 4079 4119
f 3968 4078 4079
f 3968 3967 4078
f 3968 4119 4120
f 3974 4101 3975
f 3974 4099 4100
f 3974 4100 4101
f 3969 3968 4120
f 3973 4099 3974
f 3973 4098 4099
f 3970 4120 4121
f 3970 3969 4120
f 3971 4121 4122
f 3971 3970 4121
f 3972 4098 3973
f 3972 4097 4098
f 3972 4122 4097
f 3972 3971 4122
